Column1,comment_ab1,comment_ab2,comment_ab3,comment_ba1,comment_ba2,comment_ba3,update_Pab1,update_Pab2,update_Pab3,update_Pba1,update_Pba2,update_Pba3,update_rec_ab1,update_rec_ab2,update_rec_ab3,update_rec_ba1,update_rec_ba2,update_rec_ba3,test_article,dtxsid,task_order,file_id
499,,,,,,,,,,,,,,,,,,,EV0001429,DTXSID4042418,12,Task_12_compounds
2,,,,,,,,,,,,,,,,,,,TP0001896G08,DTXSID4024272,7,20161205
3,,,,,,,,,,,,,,,,,,,TP0001898E12,DTXSID6047286,7,20161205
4,,,,,,,,,,,,,,,,,,,TP0001898F07,DTXSID0032655,7,20161205
5,,,,,,,,,,,,,,,,,,,TP0001898F08,DTXSID8034665,7,20161205
6,,,,,,,,,,,,,,,,,,,TP0001898G07,DTXSID8034877,7,20161205
7,,,,,,,,,,,,,,,,,,,TP0001898H07,DTXSID6021244,7,20161205
8,,,,,,,,,,,,,,,,,,,TP0001899A01,DTXSID3020627,7,20161205
9,,,,,,,,,,,,,,,,,,,TP0001899A04,DTXSID6024460,7,20161205
10,,,,,,,,,,,,,,,,,,,TP0001899B05,DTXSID4032372,7,20161205
11,,,,,,,,,,,,,,,,,,,TP0001899B07,DTXSID5032442,7,20161205
12,,,,,,,,,,,,,,,,,,,TP0001899C02,DTXSID8024280,7,20161205
13,,,,,,,,,,,,,,,,,,,TP0001899C06,DTXSID6034392,7,20161205
14,,,,,,,,,,,,,,,,,,,Talinolol,,7,20161205
15,,,,,,,,,,,,,,,,,,,Warfarin,,7,20161205
486,,,,,,,,,,,,,,,,,,,EV0001361,DTXSID0025101,12,Task_12_compounds
487,,,,,,,,,,,,,,,,,,,EV0001362,DTXSID1021031,12,Task_12_compounds
18,,,,,,,,,,,,,,,,,,,TP0001893E03,DTXSID9023914,7,20161208
19,,,,,,,,,,,,,,,,,,,TP0001893E04,DTXSID0020311,7,20161208
376,LOD,,,,,,,,,,,,,,,,,,EV0000612,DTXSID1021243,10,9272017
21,,,,,,,,,,,,,,,,,,,TP0001893F04,DTXSID4021185,7,20161208
22,,,,,,,,,,,,,,,,,,,TP0001893F06,DTXSID7020768,7,20161208
23,,,,,,,,,,,,,,,,,,,TP0001893H04,DTXSID7041623,7,20161208
24,,,,,,,,,,,,,,,,,,,TP0001893H12,DTXSID4034653,7,20161208
25,,,,,,,,,,,,,,,,,,,TP0001894A03,DTXSID4032580,7,20161208
26,,,,,,,,,,,,,,,,,,,Talinolol,,7,20161208
27,,,,,,,,,,,,,,,,,,,Warfarin,,7,20161208
28,,,,,,,,,,,,,,,,,,,Ranitidine,,7,20161229
29,,,,,,,,,,,,,,,,,,,TP0001893C11,DTXSID0021125,7,20161229
30,,,,,,,,,,,,,,,,,,,TP0001893D11,DTXSID8045191,7,20161229
31,,,,,,,,,,,,,,,,,,,TP0001893D12,DTXSID3024235,7,20161229
383,low_rec,low_rec,,,,,,,,,,,,,,,,,EV0000651,DTXSID1021322,10,9272017
33,,,,,,,,,,,,,,,,,,,TP0001894B10,DTXSID3025178,7,20161229
34,,,,,,,,,,,,,,,,,,,TP0001894C02,DTXSID6027218,7,20161229
35,,,,,,,,,,,,,,,,,,,TP0001894C03,DTXSID3024316,7,20161229
36,,,,,,,,,,,,,,,,,,,TP0001894C06,DTXSID3034664,7,20161229
37,,,,,,,,,,,,,,,,,,,TP0001894D06,DTXSID3025091,7,20161229
38,,,,,,,,,,,,,,,,,,,TP0001894D09,DTXSID6021117,7,20161229
39,,,,,,,,,,,,,,,,,,,TP0001894E07,DTXSID2022707,7,20161229
40,,,,,,,,,,,,,,,,,,,TP0001894G02,DTXSID0024266,7,20161229
41,,,,,,,,,,,,,,,,,,,TP0001894H02,DTXSID5034270,7,20161229
42,,,,,,,,,,,,,,,,,,,Talinolol,,7,20161229
43,,,,,,,,,,,,,,,,,,,Warfarin,,7,20161229
44,,,,,,,,,,,,,,,,,,,Ranitidine,,7,20161123
45,,,,,,,,,,,,,,,,,,,TP0001893A01,DTXSID1047285,7,20161123
46,,,,,,,,,,,,,,,,,,,TP0001893B04,DTXSID9020582,7,20161123
47,,,,,,,,,,,,,,,,,,,TP0001893C09,DTXSID1023869,7,20161123
48,,,,,,,,,,,,,,,,,,,TP0001893D01,DTXSID5024211,7,20161123
49,,,,,,,,,,,,,,,,,,,TP0001893D05,DTXSID5023742,7,20161123
50,,,,,,,,,,,,,,,,,,,TP0001893D06,DTXSID9022310,7,20161123
51,,,,,,,,,,,,,,,,,,,TP0001893E06,DTXSID5041691,7,20161123
52,,,,,,,,,,,,,,,,,,,TP0001893E09,DTXSID8034401,7,20161123
53,,,,,,,,,,,,,,,,,,,TP0001893F02,DTXSID4032376,7,20161123
54,,,,,,,,,,,,,,,,,,,TP0001893F03,DTXSID0034223,7,20161123
55,,,,,,,,,,,,,,,,,,,TP0001893F09,DTXSID0021256,7,20161123
56,,,,,,,,,,,,,,,,,,,TP0001893G03,DTXSID3023897,7,20161123
57,,,,,,,,,,,,,,,,,,,TP0001893G06,DTXSID3021196,7,20161123
58,,,,,,,,,,,,,,,,,,,TP0001893H02,DTXSID9023380,7,20161123
59,,,,,,,,,,,,,,,,,,,TP0001893H03,DTXSID6022341,7,20161123
60,,,,,,,,,,,,,,,,,,,TP0001893H06,DTXSID1032359,7,20161123
61,,,,,,,,,,,,,,,,,,,TP0001893H09,DTXSID4042121,7,20161123
62,,,,,,,,,,,,,,,,,,,Talinolol,,7,20161123
63,,,,,,,,,,,,,,,,,,,Warfarin,,7,20161123
64,,,,,,,,,,,,,,,,,,,Ranitidine,,7,20170103
489,low_rec,low_rec,,,,,,,,,,,,,,,,,EV0001379,DTXSID4021135,12,Task_12_compounds
66,,,,,,,,,,,,,,,,,,,TP0001895H08,DTXSID1032569,7,20170103
67,,,,,,,,,,,,,,,,,,,TP0001895H12,DTXSID9021217,7,20170103
68,,,,,,,,,,,,,,,,,,,TP0001896A09,DTXSID1034973,7,20170103
69,,,,,,,,,,,,,,,,,,,TP0001896A12,DTXSID4024145,7,20170103
70,,,,,,,,,,,,,,,,,,,TP0001896C09,DTXSID1021116,7,20170103
71,,,,,,,,,,,,,,,,,,,TP0001896C11,DTXSID6023600,7,20170103
531,low_rec,low_rec,,low_rec,low_rec,,,,,,,,,,,,,,EV0001830,DTXSID0040755,12,Task12_Caco2_Set_1
73,,,,,,,,,,,,,,,,,,,TP0001896D02,DTXSID1021952,7,20170103
74,,,,,,,,,,,,,,,,,,,TP0001896D03,DTXSID8040222,7,20170103
75,,,,,,,,,,,,,,,,,,,TP0001896D08,DTXSID2032390,7,20170103
414,low_rec,NM,,,,,,,,,,,,,,,,,BF00175293,DTXSID8024157,12,dilnscontrols_11222017
77,,,,,,,,,,,,,,,,,,,TP0001896E05,DTXSID2032500,7,20170103
78,,,,,,,,,,,,,,,,,,,TP0001896E07,DTXSID9032113,7,20170103
79,,,,,,,,,,,,,,,,,,,TP0001896F03,DTXSID1025805,7,20170103
80,,,,,,,,,,,,,,,,,,,TP0001896F07,DTXSID6021248,7,20170103
81,,,,,,,,,,,,,,,,,,,TP0001896G12,DTXSID2034590,7,20170103
574,NM,NM,,NM,NM,,,,,,,,,,,,,,EV0001891,DTXSID1032519,12,Task12_Caco2_PlateC
583,NM,NM,,,,,,,,,,,,,,,,,EV0001944,DTXSID4024436,12,Task12_Caco2_PlateC
84,,,,,,,,,,,,,,,,,,,Warfarin,,7,20170103
85,,,,,,,,,,,,,,,,,,,Ranitidine,,7,20170104
86,,,,,,,,,,,,,,,,,,,TP0001893D03,DTXSID5032600,7,20170104
87,,,,,,,,,,,,,,,,,,,TP0001893D04,DTXSID0021834,7,20170104
88,,,,,,,,,,,,,,,,,,,TP0001893G02,DTXSID4040002,7,20170104
89,,,,,,,,,,,,,,,,,,,TP0001893G04,DTXSID8020127,7,20170104
561,NM,NM,,,,,,,,,,,,,,,,,EV0001993,DTXSID0021969,12,Task12_Caco2_PlateB
91,,,,,,,,,,,,,,,,,,,TP0001894B11,DTXSID2024242,7,20170104
562,NM,NM,,NM,NM,,,,,,,,,,,,,,EV0002012,DTXSID0026967,12,Task12_Caco2_PlateB
93,,,,,,,,,,,,,,,,,,,TP0001894D01,DTXSID8020628,7,20170104
94,,,,,,,,,,,,,,,,,,,TP0001894D05,DTXSID9047251,7,20170104
95,,,,,,,,,,,,,,,,,,,TP0001894E03,DTXSID2032637,7,20170104
96,,,,,,,,,,,,,,,,,,,TP0001894F02,DTXSID4032615,7,20170104
97,,,,,,,,,,,,,,,,,,,TP0001894F06,DTXSID8024109,7,20170104
98,,,,,,,,,,,,,,,,,,,TP0001894G03,DTXSID5044528,7,20170104
99,,,,,,,,,,,,,,,,,,,Talinolol,,7,20170104
100,,,,,,,,,,,,,,,,,,,Warfarin,,7,20170104
101,,,,,,,,,,,,,,,,,,,Ranitidine,,7,20170106
102,,,,,,,,,,,,,,,,,,,TP0001898A06,DTXSID1037303,7,20170106
103,,,,,,,,,,,,,,,,,,,TP0001898A11,DTXSID4040686,7,20170106
104,,,,,,,,,,,,,,,,,,,TP0001898A12,DTXSID1040742,7,20170106
105,,,,,,,,,,,,,,,,,,,TP0001898B05,DTXSID9043938,7,20170106
106,,,,,,,,,,,,,,,,,,,TP0001898C08,DTXSID0020022,7,20170106
107,,,,,,,,,,,,,,,,,,,TP0001898D11,DTXSID2044890,7,20170106
565,NM,NM,,,,,,,,,,,,,,,,,EV0002022,DTXSID0025234,12,Task12_Caco2_PlateB
109,,,,,,,,,,,,,,,,,,,TP0001898F02,DTXSID2024163,7,20170106
110,,,,,,,,,,,,,,,,,,,TP0001898F09,DTXSID8031863,7,20170106
633,NM,NM,,NM,NM,,,,,,,,,,,,,,BF00175489,DTXSID1032519,11,Task101113_Caco2_100132017_Oct5_Formic_JB
631,NM,NM,,,,,,,,,,,,,,,,,BF00175246,DTXSID3027403,10,Task101113_Caco2_100132017_Oct5_Formic_JB
113,,,,,,,,,,,,,,,,,,,TP0001898G09,DTXSID5024261,7,20170106
618,NM,NM,,,,,,,,,,,,,,,,,EV0000617,DTXSID7021992,13,Task101113_Caco2_100132017_Oct5_Ammonium_JB
115,,,,,,,,,,,,,,,,,,,TP0001898H05,DTXSID2025680,7,20170106
116,,,,,,,,,,,,,,,,,,,Talinolol,,7,20170106
117,,,,,,,,,,,,,,,,,,,Warfarin,,7,20170106
118,,,,,,,,,,,,,,,,,,,Ranitidine,,7,20170106_Plate2
119,,,,,,,,,,,,,,,,,,,TP0001893B01,DTXSID3022370,7,20170106_Plate2
621,NM,,,,,,,,,,,,,,,,,,EV0000631,DTXSID6023652,13,Task101113_Caco2_100132017_Oct5_Ammonium_JB
121,,,,,,,,,,,,,,,,,,,TP0001894H04,DTXSID1034634,7,20170106_Plate2
122,,,,,,,,,,,,,,,,,,,TP0001897B09,DTXSID2034625,7,20170106_Plate2
123,,,,,,,,,,,,,,,,,,,TP0001897B11,DTXSID1034212,7,20170106_Plate2
124,,,,,,,,,,,,,,,,,,,TP0001897D06,DTXSID7034252,7,20170106_Plate2
125,,,,,,,,,,,,,,,,,,,TP0001897G11,DTXSID2022121,7,20170106_Plate2
126,,,,,,,,,,,,,,,,,,,TP0001897H08,DTXSID9020112,7,20170106_Plate2
127,,,,,,,,,,,,,,,,,,,TP0001897H11,DTXSID0034227,7,20170106_Plate2
128,,,,,,,,,,,,,,,,,,,TP0001898A08,DTXSID0032520,7,20170106_Plate2
129,,,,,,,,,,,,,,,,,,,TP0001898A10,DTXSID6020694,7,20170106_Plate2
130,,,,,,,,,,,,,,,,,,,TP0001898B03,DTXSID7032638,7,20170106_Plate2
131,,,,,,,,,,,,,,,,,,,TP0001898B06,DTXSID2040363,7,20170106_Plate2
132,,,,,,,,,,,,,,,,,,,TP0001898B11,DTXSID4027604,7,20170106_Plate2
133,,,,,,,,,,,,,,,,,,,TP0001898C04,DTXSID2021995,7,20170106_Plate2
134,,,,,,,,,,,,,,,,,,,Talinolol,,7,20170106_Plate2
135,,,,,,,,,,,,,,,,,,,Warfarin,,7,20170106_Plate2
136,,,,,,,,,,,,,,,,,,,TP0001898D04,DTXSID8032544,7,20170112_Plate1
137,,,,,,,,,,,,,,,,,,,TP0001898E02,DTXSID1038298,7,20170112_Plate1
138,,,,,,,,,,,,,,,,,,,TP0001898E04,DTXSID9032329,7,20170112_Plate1
139,,,,,,,,,,,,,,,,,,,TP0001898F03,DTXSID4024270,7,20170112_Plate1
140,,,,,,,,,,,,,,,,,,,TP0001898F05,DTXSID4034528,7,20170112_Plate1
141,,,,,,,,,,,,,,,,,,,TP0001898G06,DTXSID3024287,7,20170112_Plate1
142,,,,,,,,,,,,,,,,,,,TP0001898H09,DTXSID8037708,7,20170112_Plate1
143,,,,,,,,,,,,,,,,,,,TP0001898H10,DTXSID1038321,7,20170112_Plate1
144,,,,,,,,,,,,,,,,,,,TP0001898H12,DTXSID2022381,7,20170112_Plate1
145,,,,,,,,,,,,,,,,,,,Ranitidine,,7,20170112_Plate2
146,,,,,,,,,,,,,,,,,,,TP0001899A05,DTXSID0021337,7,20170112_Plate2
147,,,,,,,,,,,,,,,,,,,TP0001899A07,DTXSID1046970,7,20170112_Plate2
148,,,,,,,,,,,,,,,,,,,TP0001899A08,DTXSID9034573,7,20170112_Plate2
149,,,,,,,,,,,,,,,,,,,TP0001899A11,DTXSID0034803,7,20170112_Plate2
150,,,,,,,,,,,,,,,,,,,TP0001899D03,DTXSID8024107,7,20170112_Plate2
151,,,,,,,,,,,,,,,,,,,TP0001899D04,DTXSID5020867,7,20170112_Plate2
152,,,,,,,,,,,,,,,,,,,TP0001899D06,DTXSID8024315,7,20170112_Plate2
153,,,,,,,,,,,,,,,,,,,TP0001899D12,DTXSID1042574,7,20170112_Plate2
154,,,,,,,,,,,,,,,,,,,TP0001899E05,DTXSID4024729,7,20170112_Plate2
155,,,,,,,,,,,,,,,,,,,TP0001899E12,DTXSID3037094,7,20170112_Plate2
156,,,,,,,,,,,,,,,,,,,TP0001899F07,DTXSID7034676,7,20170112_Plate2
157,,,,,,,,,,,,,,,,,,,TP0001899F10,DTXSID1037272,7,20170112_Plate2
158,,,,,,,,,,,,,,,,,,,Talinolol,,7,20170112_Plate2
159,,,,,,,,,,,,,,,,,,,Warfarin,,7,20170112_Plate2
160,,,,,,,,,,,,,,,,,,,Ranitidine,,7,20170119
161,,,,,,,,,,,,,,,,,,,TP0001893A03,DTXSID1024338,7,20170119
162,,,,,,,,,,,,,,,,,,,TP0001893A08,DTXSID3036496,7,20170119
163,,,,,,,,,,,,,,,,,,,TP0001893A10,DTXSID9020295,7,20170119
612,NM,NM,,NM,NM,,,,,,,,,,,,,,EV0000646,DTXSID3047429,13,Task101113_Caco2_100122017_Ammonium_Oct6_JB
165,,,,,,,,,,,,,,,,,,,TP0001893B02,DTXSID0021832,7,20170119
166,,,,,,,,,,,,,,,,,,,TP0001893B03,DTXSID9020790,7,20170119
614,NM,NM,,,,,,,,,,,,,,,,,EV0000661,DTXSID6021456,13,Task101113_Caco2_100122017_Ammonium_Oct6_JB
441,NM,NM,,NM,NM,,,,,,,,,,,,,,BF00174492,DTXSID6022056,8,GC_11092017_JB
169,,,,,,,,,,,,,,,,,,,TP0001893B09,DTXSID7032004,7,20170119
442,ND,ND,,,,,,,,,,,,,,,,,BF00174520,DTXSID7038864,8,GC_11092017_JB
171,,,,,,,,,,,,,,,,,,,TP0001893C02,DTXSID6022391,7,20170119
377,NM,NM,,,,,,,,,,,,,,,,,EV0000620,DTXSID7037185,10,9272017
173,,,,,,,,,,,,,,,,,,,TP0001893C07,DTXSID3024368,7,20170119
174,,,,,,,,,,,,,,,,,,,TP0001893C12,DTXSID2032552,7,20170119
175,,,,,,,,,,,,,,,,,,,TP0001893D09,DTXSID3038939,7,20170119
176,,,,,,,,,,,,,,,,,,,TP0001893E02,DTXSID4022367,7,20170119
418,LOD,LOD,,NM,LOD,,-0.0035,0.00122,,-0.0697,-0.0755,,1.15,0.944,,1.11,1.12,,EV0001347,DTXSID1029889,12,10302017
178,,,,,,,,,,,,,,,,,,,TP0001893F07,DTXSID7024376,7,20170119
179,,,,,,,,,,,,,,,,,,,TP0001893F10,DTXSID0020943,7,20170119
180,,,,,,,,,,,,,,,,,,,TP0001893F12,DTXSID2020921,7,20170119
181,,,,,,,,,,,,,,,,,,,TP0001893H07,DTXSID8020541,7,20170119
182,,,,,,,,,,,,,,,,,,,TP0001894D04,DTXSID5032525,7,20170119
183,,,,,,,,,,,,,,,,,,,TP0001894E02,DTXSID2034962,7,20170119
184,,,,,,,,,,,,,,,,,,,TP0001894F01,DTXSID5021332,7,20170119
185,,,,,,,,,,,,,,,,,,,TP0001894G05,DTXSID0023951,7,20170119
186,,,,,,,,,,,,,,,,,,,TP0001894G07,DTXSID9032327,7,20170119
187,,,,,,,,,,,,,,,,,,,TP0001894G11,DTXSID5041306,7,20170119
188,,,,,,,,,,,,,,,,,,,Talinolol,,7,20170119
189,,,,,,,,,,,,,,,,,,,Warfarin,,7,20170119
190,,,,,,,,,,,,,,,,,,,Ranitidine,,7,20170123
191,,,,,,,,,,,,,,,,,,,TP0001893B10,DTXSID1047576,7,20170123
192,,,,,,,,,,,,,,,,,,,TP0001893G01,DTXSID5023877,7,20170123
193,,,,,,,,,,,,,,,,,,,TP0001893G10,DTXSID7027205,7,20170123
194,,,,,,,,,,,,,,,,,,,TP0001893G12,DTXSID9040001,7,20170123
382,,LOD,,,,,,,,,,,,,,,,,EV0000643,DTXSID6023868,10,9272017
196,,,,,,,,,,,,,,,,,,,TP0001893H11,DTXSID9020247,7,20170123
197,,,,,,,,,,,,,,,,,,,TP0001894A02,DTXSID7047433,7,20170123
198,,,,,,,,,,,,,,,,,,,TP0001894A06,DTXSID3024154,7,20170123
199,,,,,,,,,,,,,,,,,,,Talinolol,,7,20170123
200,,,,,,,,,,,,,,,,,,,Warfarin,,7,20170123
201,,,,,,,,,,,,,,,,,,,Ranitidine,,7,20170125
202,,,,,,,,,,,,,,,,,,,TP0001894B07,DTXSID7037717,7,20170125
203,,,,,,,,,,,,,,,,,,,TP0001894C05,DTXSID3032464,7,20170125
204,,,,,,,,,,,,,,,,,,,TP0001894C12,DTXSID5022439,7,20170125
205,,,,,,,,,,,,,,,,,,,TP0001894D11,DTXSID4021975,7,20170125
206,,,,,,,,,,,,,,,,,,,TP0001894D12,DTXSID9032379,7,20170125
481,,NM,,,,,,,,,,,,,,,,,EV0001326,DTXSID5021126,12,Task_12_compounds
208,,,,,,,,,,,,,,,,,,,TP0001894E06,DTXSID3022405,7,20170125
483,,NM,,,,,,,,,,,,,,,,,EV0001342,DTXSID4020820,12,Task_12_compounds
210,,,,,,,,,,,,,,,,,,,Talinolol,,7,20170125
211,,,,,,,,,,,,,,,,,,,Warfarin,,7,20170125
212,,,,,,,,,,,,,,,,,,,Ranitidine,,7,20170126
213,,,,,,,,,,,,,,,,,,,TP0001894E12,DTXSID6032562,7,20170126
494,NM,,,,,,0,0.239816,,,,,0.685,0.852,,,,,EV0001411,DTXSID3040776,12,Task_12_compounds
215,,,,,,,,,,,,,,,,,,,TP0001894F05,DTXSID7032393,7,20170126
216,,,,,,,,,,,,,,,,,,,Talinolol,,7,20170126
217,,,,,,,,,,,,,,,,,,,Warfarin,,7,20170126
218,,,,,,,,,,,,,,,,,,,Ranitidine,,7,20170201
219,,,,,,,,,,,,,,,,,,,TP0001895A05,DTXSID3047477,7,20170201
220,,,,,,,,,,,,,,,,,,,TP0001895A07,DTXSID8026307,7,20170201
221,,,,,,,,,,,,,,,,,,,TP0001895B01,DTXSID4022527,7,20170201
222,,,,,,,,,,,,,,,,,,,TP0001895B03,DTXSID8044836,7,20170201
223,,,,,,,,,,,,,,,,,,,TP0001895B05,DTXSID5020730,7,20170201
501,,NM,,,,,,,,,,,,,,,,,EV0001452,DTXSID9022817,12,Task_12_compounds
225,,,,,,,,,,,,,,,,,,,TP0001895C03,DTXSID4034609,7,20170201
226,,,,,,,,,,,,,,,,,,,TP0001895C06,DTXSID6020648,7,20170201
503,NM,,,,,,0,0.012574,,,,,0.106,0.161,,,,,EV0001462,DTXSID7047697,12,Task_12_compounds
228,,,,,,,,,,,,,,,,,,,Talinolol,,7,20170201
229,,,,,,,,,,,,,,,,,,,Warfarin,,7,20170201
230,,,,,,,,,,,,,,,,,,,Ranitidine,,7,20170211
231,,,,,,,,,,,,,,,,,,,TP0001895G01,DTXSID5034723,7,20170211
232,,,,,,,,,,,,,,,,,,,TP0001895G06,DTXSID2034465,7,20170211
233,,,,,,,,,,,,,,,,,,,TP0001895G07,DTXSID0020442,7,20170211
234,,,,,,,,,,,,,,,,,,,TP0001895G08,DTXSID6023999,7,20170211
235,,,,,,,,,,,,,,,,,,,TP0001895G11,DTXSID6032645,7,20170211
236,,,,,,,,,,,,,,,,,,,TP0001895H01,DTXSID3021770,7,20170211
237,,,,,,,,,,,,,,,,,,,TP0001895H02,DTXSID9021184,7,20170211
238,,,,,,,,,,,,,,,,,,,TP0001895H04,DTXSID1024091,7,20170211
239,,,,,,,,,,,,,,,,,,,TP0001895H10,DTXSID3020916,7,20170211
240,,,,,,,,,,,,,,,,,,,TP0001895H11,DTXSID8021519,7,20170211
241,,,,,,,,,,,,,,,,,,,TP0001896A05,DTXSID1021087,7,20170211
242,,,,,,,,,,,,,,,,,,,TP0001896D07,DTXSID6021824,7,20170211
421,low_rec,low_rec,,,,,,,,,,,,,,,,,EV0001382,DTXSID9034997,12,10302017
244,,,,,,,,,,,,,,,,,,,TP0001896E01,DTXSID0022436,7,20170211
245,,,,,,,,,,,,,,,,,,,TP0001896E10,DTXSID1038666,7,20170211
246,,,,,,,,,,,,,,,,,,,TP0001896E11,DTXSID7032424,7,20170211
247,,,,,,,,,,,,,,,,,,,TP0001896F01,DTXSID4022446,7,20170211
248,,,,,,,,,,,,,,,,,,,Talinolol,,7,20170211
249,,,,,,,,,,,,,,,,,,,Warfarin,,7,20170211
250,,,,,,,,,,,,,,,,,,,Ranitidine,,7,20170209
251,,,,,,,,,,,,,,,,,,,TP0001895A03,DTXSID6037728,7,20170209
252,,,,,,,,,,,,,,,,,,,TP0001895A04,DTXSID8024234,7,20170209
290,,,,,,,,,,,,,,,,,,,TP0001896D06,DTXSID5038888,7,20170210
254,,,,,,,,,,,,,,,,,,,TP0001895C12,DTXSID5021336,7,20170209
255,,,,,,,,,,,,,,,,,,,TP0001895D01,DTXSID8022828,7,20170209
256,,,,,,,,,,,,,,,,,,,TP0001895D03,DTXSID0037495,7,20170209
257,,,,,,,,,,,,,,,,,,,TP0001895D04,DTXSID6021959,7,20170209
258,,,,,,,,,,,,,,,,,,,TP0001895D05,DTXSID8021800,7,20170209
259,,,,,,,,,,,,,,,,,,,TP0001895D07,DTXSID3032628,7,20170209
496,,,,,,,,,,,,,,,,,,,EV0001417,DTXSID0028038,12,Task_12_compounds
261,,,,,,,,,,,,,,,,,,,TP0001895D10,DTXSID4022731,7,20170209
522,,,,,,,,,,,,,,,,,,,BF00174489,DTXSID5051650,8,Task008_Caco
263,,,,,,,,,,,,,,,,,,,TP0001895E02,DTXSID7020504,7,20170209
264,,,,,,,,,,,,,,,,,,,TP0001895E03,DTXSID7020265,7,20170209
265,,,,,,,,,,,,,,,,,,,TP0001895E07,DTXSID3024239,7,20170209
266,,,,,,,,,,,,,,,,,,,TP0001895E08,DTXSID6022422,7,20170209
267,,,,,,,,,,,,,,,,,,,TP0001895E09,DTXSID4022020,7,20170209
268,,,,,,,,,,,,,,,,,,,TP0001895E10,DTXSID4032611,7,20170209
83,,,,,,,,,,,,,,,,,,,Talinolol,,7,20170103
270,,,,,,,,,,,,,,,,,,,TP0001895F11,DTXSID9034816,7,20170209
271,,,,,,,,,,,,,,,,,,,Talinolol,,7,20170209
272,,,,,,,,,,,,,,,,,,,Warfarin,,7,20170209
273,,,,,,,,,,,,,,,,,,,Ranitidine,,7,20170210
114,,,,,,,,,,,,,,,,,,,TP0001898G11,DTXSID2042436,7,20170106
615,no usable data,no usable data,,no usable data,no usable data,,,,,,,,,,,,,,EV0000666,DTXSID8022959,13,Task101113_Caco2_100122017_Ammonium_Oct6_JB
276,,,,,,,,,,,,,,,,,,,TP0001896A11,DTXSID6032356,7,20170210
277,,,,,,,,,,,,,,,,,,,TP0001896B01,DTXSID0020652,7,20170210
278,,,,,,,,,,,,,,,,,,,TP0001896B02,DTXSID5021411,7,20170210
279,,,,,,,,,,,,,,,,,,,TP0001896B04,DTXSID4020791,7,20170210
280,,,,,,,,,,,,,,,,,,,TP0001896B06,DTXSID4022525,7,20170210
281,,,,,,,,,,,,,,,,,,,TP0001896B07,DTXSID4022523,7,20170210
282,,,,,,,,,,,,,,,,,,,TP0001896B08,DTXSID5021388,7,20170210
283,,,,,,,,,,,,,,,,,,,TP0001896B09,DTXSID9020407,7,20170210
284,,,,,,,,,,,,,,,,,,,TP0001896B10,DTXSID7021948,7,20170210
508,ND,ND,,,ND,,,,,,,,,,,,,,BF00174486,DTXSID4020870,8,Task008_Caco_01312018
286,,,,,,,,,,,,,,,,,,,TP0001896C02,DTXSID9026261,7,20170210
287,,,,,,,,,,,,,,,,,,,TP0001896C05,DTXSID9022526,7,20170210
288,,,,,,,,,,,,,,,,,,,TP0001896C08,DTXSID9032535,7,20170210
289,,,,,,,,,,,,,,,,,,,TP0001896C10,DTXSID9034864,7,20170210
514,ND,ND,,ND,ND,,,,,,,,,,,,,,BF00174536,DTXSID2029874,8,Task008_Caco_01312018
291,,,,,,,,,,,,,,,,,,,Talinolol,,7,20170210
292,,,,,,,,,,,,,,,,,,,Warfarin,,7,20170210
293,,,,,,,,,,,,,,,,,,,Ranitidine,,7,20170221
294,,,,,,,,,,,,,,,,,,,TP0001898E03,DTXSID0021389,7,20170221
330,,,,,,,,,,,,,,,,,,,TP0001898A03,DTXSID5020281,7,20170224-2
296,,,,,,,,,,,,,,,,,,,TP0001898E10,DTXSID9022528,7,20170221
297,,,,,,,,,,,,,,,,,,,TP0001898F06,DTXSID6024204,7,20170221
298,,,,,,,,,,,,,,,,,,,TP0001898G02,DTXSID1020510,7,20170221
243,,,,,,,,,,,,,,,,,,,TP0001896D09,DTXSID5051444,7,20170211
484,dose_NM,dose_NM,,,,,,,,,,,,,,,,,EV0001344,DTXSID2020890,12,Task_12_compounds
301,,,,,,,,,,,,,,,,,,,TP0001898G10,DTXSID1020350,7,20170221
302,,,,,,,,,,,,,,,,,,,TP0001898H02,DTXSID4021268,7,20170221
303,,,,,,,,,,,,,,,,,,,TP0001898H04,DTXSID6024206,7,20170221
304,,,,,,,,,,,,,,,,,,,TP0001898H06,DTXSID2034673,7,20170221
305,,,,,,,,,,,,,,,,,,,TP0001899A03,DTXSID1032355,7,20170221
597,ND,ND,,ND,ND,,,,,,,,,,,,,,EV0000634,DTXSID6025068,10_13,Task_10_13_Caco-2_Compiled_LCMSGC_10032017
307,,,,,,,,,,,,,,,,,,,TP0001899B02,DTXSID4020240,7,20170221
308,,,,,,,,,,,,,,,,,,,TP0001899B03,DTXSID8022111,7,20170221
309,,,,,,,,,,,,,,,,,,,Talinolol,,7,20170221
310,,,,,,,,,,,,,,,,,,,Warfarin,,7,20170221
311,,,,,,,,,,,,,,,,,,,Ranitidine,,7,20170215
312,,,,,,,,,,,,,,,,,,,TP0001897F05,DTXSID3041376,7,20170215
313,,,,,,,,,,,,,,,,,,,TP0001897F06,DTXSID0032493,7,20170215
314,,,,,,,,,,,,,,,,,,,TP0001897F12,DTXSID7023936,7,20170215
315,,,,,,,,,,,,,,,,,,,TP0001897G01,DTXSID8020620,7,20170215
316,,,,,,,,,,,,,,,,,,,TP0001897G02,DTXSID2020137,7,20170215
317,,,,,,,,,,,,,,,,,,,TP0001897G06,DTXSID8024151,7,20170215
318,,,,,,,,,,,,,,,,,,,TP0001897G07,DTXSID6032649,7,20170215
319,,,,,,,,,,,,,,,,,,,TP0001897G08,DTXSID3023685,7,20170215
320,,,,,,,,,,,,,,,,,,,TP0001897G09,DTXSID0020232,7,20170215
598,NC,NC,,ND,ND,,,,,,,,,,,,,,EV0000635,DTXSID3026691,10_13,Task_10_13_Caco-2_Compiled_LCMSGC_10032017
322,,,,,,,,,,,,,,,,,,,TP0001897H04,DTXSID6024337,7,20170215
323,,,,,,,,,,,,,,,,,,,TP0001897H05,DTXSID0020446,7,20170215
324,,,,,,,,,,,,,,,,,,,Talinolol,,7,20170215
325,,,,,,,,,,,,,,,,,,,Warfarin,,7,20170215
326,,,,,,,,,,,,,,,,,,,Ranitidine,,7,20170224-2
327,,,,,,,,,,,,,,,,,,,TP0001897H10,DTXSID0020523,7,20170224-2
328,,,,,,,,,,,,,,,,,,,TP0001897H12,DTXSID0032651,7,20170224-2
329,,,,,,,,,,,,,,,,,,,TP0001898A02,DTXSID9032581,7,20170224-2
599,NC,NC,,ND,ND,,,,,,,,,,,,,,EV0000679,DTXSID3020336,10_13,Task_10_13_Caco-2_Compiled_LCMSGC_10032017
331,,,,,,,,,,,,,,,,,,,TP0001898A05,DTXSID1033664,7,20170224-2
447,NM,NM,,NM,NM,,,,,,,,,,,,,,EV0000633,DTXSID7021940,13,GC_11092017_JB
449,NM,NM,,NM,NM,,,,,,,,,,,,,,EV0000665,DTXSID7021946,13,GC_11092017_JB
334,,,,,,,,,,,,,,,,,,,TP0001898B07,DTXSID8023846,7,20170224-2
335,,,,,,,,,,,,,,,,,,,TP0001898B12,DTXSID5024059,7,20170224-2
336,,,,,,,,,,,,,,,,,,,TP0001898D01,DTXSID0021961,7,20170224-2
337,,,,,,,,,,,,,,,,,,,TP0001898D02,DTXSID7025895,7,20170224-2
338,,,,,,,,,,,,,,,,,,,TP0001898D05,DTXSID1022265,7,20170224-2
339,,,,,,,,,,,,,,,,,,,TP0001898D09,DTXSID5024051,7,20170224-2
340,,,,,,,,,,,,,,,,,,,TP0001898D12,DTXSID4021218,7,20170224-2
341,,,,,,,,,,,,,,,,,,,Talinolol,,7,20170224-2
342,,,,,,,,,,,,,,,,,,,Warfarin,,7,20170224-2
343,,,,,,,,,,,,,,,,,,,Ranitidine,,7,20170214_Plate2
344,,,,,,,,,,,,,,,,,,,TP0001897B10,DTXSID3024152,7,20170214_Plate2
345,,,,,,,,,,,,,,,,,,,TP0001897C01,DTXSID3020209,7,20170214_Plate2
346,,,,,,,,,,,,,,,,,,,TP0001897C02,DTXSID0020494,7,20170214_Plate2
347,,,,,,,,,,,,,,,,,,,TP0001897C03,DTXSID4022529,7,20170214_Plate2
348,,,,,,,,,,,,,,,,,,,TP0001897C05,DTXSID9034818,7,20170214_Plate2
349,,,,,,,,,,,,,,,,,,,TP0001897C06,DTXSID7021237,7,20170214_Plate2
350,,,,,,,,,,,,,,,,,,,TP0001897D02,DTXSID0034192,7,20170214_Plate2
351,,,,,,,,,,,,,,,,,,,TP0001897D04,DTXSID1022267,7,20170214_Plate2
352,,,,,,,,,,,,,,,,,,,TP0001897D05,DTXSID3034402,7,20170214_Plate2
353,,,,,,,,,,,,,,,,,,,TP0001897D07,DTXSID7024299,7,20170214_Plate2
354,,,,,,,,,,,,,,,,,,,TP0001897D10,DTXSID6032641,7,20170214_Plate2
355,,,,,,,,,,,,,,,,,,,TP0001897D12,DTXSID4024195,7,20170214_Plate2
356,,,,,,,,,,,,,,,,,,,TP0001897E02,DTXSID1041508,7,20170214_Plate2
357,,,,,,,,,,,,,,,,,,,TP0001897E03,DTXSID8021359,7,20170214_Plate2
358,,,,,,,,,,,,,,,,,,,TP0001897E05,DTXSID8023848,7,20170214_Plate2
359,,,,,,,,,,,,,,,,,,,TP0001897E06,DTXSID3022409,7,20170214_Plate2
360,,,,,,,,,,,,,,,,,,,Talinolol,,7,20170214_Plate2
361,,,,,,,,,,,,,,,,,,,Warfarin,,7,20170214_Plate2
362,,,,,,,,,,,,,,,,,,,Ranitidine,,7,2232017
363,,,,,,,,,,,,,,,,,,,TP0001899G02,DTXSID0034855,7,2232017
364,,,,,,,,,,,,,,,,,,,TP0001899G04,DTXSID0034300,7,2232017
365,,,,,,,,,,,,,,,,,,,TP0001899G06,DTXSID7034961,7,2232017
366,,,,,,,,,,,,,,,,,,,TP0001899G07,DTXSID8035180,7,2232017
367,,,,,,,,,,,,,,,,,,,TP0001899G10,DTXSID8023719,7,2232017
368,,,,,,,,,,,,,,,,,,,TP0001899H01,DTXSID3022588,7,2232017
369,,,,,,,,,,,,,,,,,,,TP0001899H03,DTXSID1023990,7,2232017
370,,,,,,,,,,,,,,,,,,,TP0001899H07,DTXSID6024882,7,2232017
371,,,,,,,,,,,,,,,,,,,TP0001899H08,DTXSID1034187,7,2232017
372,,,,,,,,,,,,,,,,,,,TP0001899H09,DTXSID7034624,7,2232017
373,,,,,,,,,,,,,,,,,,,TP0001899H12,DTXSID4020290,7,2232017
374,,,,,,,,,,,,,,,,,,,Talinolol,,7,2232017
375,,,,,,,,,,,,,,,,,,,Warfarin,,7,2232017
332,,,,,,,,,,,,,,,,,,,TP0001898A09,DTXSID2021866,7,20170224-2
333,,,,,,,,,,,,,,,,,,,TP0001898B04,DTXSID8032673,7,20170224-2
378,,,,,,,,,,,,,,,,,,,EV0000625,DTXSID0022519,10,9272017
379,,,,,,,,,,,,,,,,,,,EV0000627,DTXSID3037208,10,9272017
380,,,,,,,,,,,,,,,,,,,EV0000637,DTXSID7034383,10,9272017
381,,,,,,,,,,,,,,,,,,,EV0000641,DTXSID4020822,10,9272017
295,,,,,,,,,,,,,,,,,,,TP0001898E06,DTXSID9022522,7,20170221
321,,,,,,,,,,,,,,,,,,,TP0001897G10,DTXSID7022174,7,20170215
384,,,,,,,,,,,,,,,,,,,EV0000656,DTXSID7024827,10,9272017
385,,,,,,,,,,,,,,,,,,,EV0000657,DTXSID5023322,10,9272017
386,,,,,,,,,,,,,,,,,,,EV0000660,DTXSID4020119,10,9272017
387,,,,,,,,,,,,,,,,,,,EV0000669,DTXSID3044203,10,9272017
388,,,,,,,,,,,,,,,,,,,EV0000671,DTXSID6043709,10,9272017
389,,,,,,,,,,,,,,,,,,,Ranitidine,,10,9272017
390,,,,,,,,,,,,,,,,,,,Talinolol,,10,9272017
391,,,,,,,,,,,,,,,,,,,Warfarin,,10,9272017
392,,,,,,,,,,,,,,,,,,,BF00175490,DTXSID9048510,11,20170210
393,,,,,,,,,,,,,,,,,,,BF00175492,DTXSID0048505,11,20170210
394,,,,,,,,,,,,,,,,,,,BF00175502,DTXSID1026164,11,20170210
395,,,,,,,,,,,,,,,,,,,BF00175507,DTXSID6025567,11,20170210
396,,,,,,,,,,,,,,,,,,,BF00175513,DTXSID6025486,11,20170210
397,,,,,,,,,,,,,,,,,,,BF00175514,DTXSID0040707,11,20170210
398,,,,,,,,,,,,,,,,,,,BF00175520,DTXSID4020371,11,20170210
399,,,,,,,,,,,,,,,,,,,BF00175521,DTXSID2047307,11,20170210
400,,,,,,,,,,,,,,,,,,,BF00175525,DTXSID6021872,11,20170210
401,,,,,,,,,,,,,,,,,,,BF00175529,DTXSID1026792,11,20170210
402,,,,,,,,,,,,,,,,,,,BF00175531,DTXSID5047291,11,20170210
403,,,,,,,,,,,,,,,,,,,BF00175543,DTXSID3047346,11,20170210
404,,,,,,,,,,,,,,,,,,,Ranitidine,,11,20170210
405,,,,,,,,,,,,,,,,,,,Talinolol,,11,20170210
406,,,,,,,,,,,,,,,,,,,Warfarin,,11,20170210
407,,,,,,,,,,,,,,,,,,,BF00175243,DTXSID5021411,12,11222017
408,,,,,,,,,,,,,,,,,,,BF00175244,DTXSID2020688,12,11222017
409,,,,,,,,,,,,,,,,,,,BF00175264,DTXSID9023881,12,11222017
410,,,,,,,,,,,,,,,,,,,BF00175316,DTXSID7032345,12,11222017
411,,,,,,,,,,,,,,,,,,,BF00175248,DTXSID7029871,12,dilnscontrols_11222017
412,,,,,,,,,,,,,,,,,,,BF00175251,DTXSID7024164,12,dilnscontrols_11222017
413,,,,,,,,,,,,,,,,,,,BF00175253,DTXSID9020295,12,dilnscontrols_11222017
299,,,,,,,,,,,,,,,,,,,TP0001898G03,DTXSID6032354,7,20170221
415,,,,,,,,,,,,,,,,,,,Ranitidine,,12,dilnscontrols_11222017
416,,,,,,,,,,,,,,,,,,,Talinolol,,12,dilnscontrols_11222017
417,,,,,,,,,,,,,,,,,,,Warfarin,,12,dilnscontrols_11222017
300,,,,,,,,,,,,,,,,,,,TP0001898G08,DTXSID3026564,7,20170221
419,,,,,,,,,,,,,,,,,,,EV0001363,DTXSID3041409,12,10302017
420,,,,,,,,,,,,,,,,,,,EV0001372,DTXSID7037551,12,10302017
306,,,,,,,,,,,,,,,,,,,TP0001899A06,DTXSID9029221,7,20170221
422,,,,,,,,,,,,,,,,,,,EV0001394,DTXSID0023296,12,10302017
423,,,,,,,,,,,,,,,,,,,EV0001405,DTXSID8021856,12,10302017
424,,,,,,,,,,,,,,,,,,,EV0001407,DTXSID0048181,12,10302017
425,,,,,,,,,,,,,,,,,,,EV0001415,DTXSID4048199,12,10302017
426,,,,,,,,,,,,,,,,,,,EV0001419,DTXSID7030307,12,10302017
427,,,,,,,,,,,,,,,,,,,EV0001440,DTXSID2022121,12,10302017
428,,,,,,,,,,,,,,,,,,,EV0001442,DTXSID0025864,12,10302017
274,,,,,,,,,,,,,,,,,,,TP0001896A02,DTXSID3034618,7,20170210
430,,,,,,,,,,,,,,,,,,,EV0001446,DTXSID6021290,12,10302017
431,,,,,,,,,,,,,,,,,,,EV0001448,DTXSID9025536,12,10302017
432,,,,,,,,,,,,,,,,,,,EV0001449,DTXSID5037739,12,10302017
433,,,,,,,,,,,,,,,,,,,EV0001453,DTXSID6024466,12,10302017
434,,,,,,,,,,,,,,,,,,,EV0001463,DTXSID0020286,12,10302017
435,,,,,,,,,,,,,,,,,,,Ranitidine,,12,10302017
436,,,,,,,,,,,,,,,,,,,Talinolol,,12,10302017
437,,,,,,,,,,,,,,,,,,,Warfarin,,12,10302017
438,,,,,,,,,,,,,,,,,,,Ranitidine,,13,11092017
439,,,,,,,,,,,,,,,,,,,Talinolol,,13,11092017
440,,,,,,,,,,,,,,,,,,,Warfarin,,13,11092017
275,,,,,,,,,,,,,,,,,,,TP0001896A03,DTXSID9047592,7,20170210
429,,,,,,,,,,,,,,,,,,,EV0001444,DTXSID7031531,12,10302017
443,,,,,,,,,,,,,,,,,,,BF00175282,DTXSID2021311,10,GC_11092017_JB
285,,,,,,,,,,,,,,,,,,,TP0001896C01,DTXSID2032554,7,20170210
445,,,,,,,,,,,,,,,,,,,EV0000614,DTXSID7024586,13,GC_11092017_JB
446,,,,,,,,,,,,,,,,,,,EV0000618,DTXSID6025145,13,GC_11092017_JB
253,,,,,,,,,,,,,,,,,,,TP0001895C10,DTXSID0020656,7,20170209
448,,,,,,,,,,,,,,,,,,,EV0000658,DTXSID9024930,13,GC_11092017_JB
260,,,,,,,,,,,,,,,,,,,TP0001895D08,DTXSID5034773,7,20170209
450,,,,,,,,,,,,,,,,,,,EV0001366,DTXSID6025143,13,GC_11092017_JB
451,,,,,,,,,,,,,,,,,,,Ranitidine,,13,LCMSControls_11092017
452,,,,,,,,,,,,,,,,,,,Talinolol,,13,LCMSControls_11092017
453,,,,,,,,,,,,,,,,,,,Warfarin,,13,LCMSControls_11092017
454,,,,,,,,,,,,,,,,,,,EV0000628,DTXSID4020959,13,GC_11092017_JBJW
455,,,,,,,,,,,,,,,,,,,EV0001335,DTXSID5044992,12,GC_11092017_JBJW
456,,,,,,,,,,,,,,,,,,,EV0001340,DTXSID4044581,12,GC_11092017_JBJW
457,,,,,,,,,,,,,,,,,,,EV0001348,DTXSID2047199,12,GC_11092017_JBJW
458,,,,,,,,,,,,,,,,,,,EV0001352,DTXSID6021793,12,GC_11092017_JBJW
459,,,,,,,,,,,,,,,,,,,EV0001353,DTXSID0023113,12,GC_11092017_JBJW
460,,,,,,,,,,,,,,,,,,,EV0001356,DTXSID2020212,12,GC_11092017_JBJW
461,,,,,,,,,,,,,,,,,,,EV0001361,DTXSID0025101,12,GC_11092017_JBJW
462,,,,,,,,,,,,,,,,,,,EV0001375,DTXSID0044571,12,GC_11092017_JBJW
463,,,,,,,,,,,,,,,,,,,EV0001397,DTXSID9044825,12,GC_11092017_JBJW
464,,,,,,,,,,,,,,,,,,,EV0001400,DTXSID2027414,12,GC_11092017_JBJW
465,,,,,,,,,,,,,,,,,,,EV0001406,DTXSID5048180,12,GC_11092017_JBJW
466,,,,,,,,,,,,,,,,,,,EV0001412,DTXSID3047425,12,GC_11092017_JBJW
467,,,,,,,,,,,,,,,,,,,EV0001425,DTXSID4048195,12,GC_11092017_JBJW
468,,,,,,,,,,,,,,,,,,,EV0001441,DTXSID4020828,12,GC_11092017_JBJW
469,,,,,,,,,,,,,,,,,,,EV0001337,DTXSID9037741,11,Final_Task_11_compounds
470,,,,,,,,,,,,,,,,,,,EV0001341,DTXSID1020069,11,Final_Task_11_compounds
471,,,,,,,,,,,,,,,,,,,EV0001343,DTXSID3021358,11,Final_Task_11_compounds
472,,,,,,,,,,,,,,,,,,,EV0001358,DTXSID1026035,11,Final_Task_11_compounds
473,,,,,,,,,,,,,,,,,,,EV0001364,DTXSID2025892,11,Final_Task_11_compounds
474,,,,,,,,,,,,,,,,,,,EV0001367,DTXSID8021804,11,Final_Task_11_compounds
475,,,,,,,,,,,,,,,,,,,EV0001369,DTXSID8042424,11,Final_Task_11_compounds
476,,,,,,,,,,,,,,,,,,,EV0001387,DTXSID9020114,11,Final_Task_11_compounds
477,,,,,,,,,,,,,,,,,,,EV0001404,DTXSID2032348,11,Final_Task_11_compounds
478,,,,,,,,,,,,,,,,,,,EV0001409,DTXSID0042086,11,Final_Task_11_compounds
479,,,,,,,,,,,,,,,,,,,EV0001410,DTXSID8021199,11,Final_Task_11_compounds
480,,,,,,,,,,,,,,,,,,,EV0001413,DTXSID6020511,11,Final_Task_11_compounds
262,,,,,,,,,,,,,,,,,,,TP0001895E01,DTXSID4020870,7,20170209
482,,,,,,,,,,,,,,,,,,,EV0001328,DTXSID3021778,12,Task_12_compounds
269,,,,,,,,,,,,,,,,,,,TP0001895F01,DTXSID1021956,7,20170209
224,,,,,,,,,,,,,,,,,,,TP0001895C01,DTXSID9027441,7,20170201
485,,,,,,,,,,,,,,,,,,,EV0001359,DTXSID5041516,12,Task_12_compounds
227,,,,,,,,,,,,,,,,,,,TP0001895C09,DTXSID4038899,7,20170201
214,,,,,,,,,,,,,,,,,,,TP0001894F04,DTXSID7044841,7,20170126
488,,,,,,,,,,,,,,,,,,,EV0001366,DTXSID6025143,12,Task_12_compounds
207,,,,,,,,,,,,,,,,,,,TP0001894E01,DTXSID7032551,7,20170125
490,,,,,,,,,,,,,,,,,,,EV0001380,DTXSID5040708,12,Task_12_compounds
491,,,,,,,,,,,,,,,,,,,EV0001399,DTXSID0048183,12,Task_12_compounds
492,,,,,,,,,,,,,,,,,,,EV0001402,DTXSID5042243,12,Task_12_compounds
493,,,,,,,,,,,,,,,,,,,EV0001406,DTXSID5048180,12,Task_12_compounds
444,,,,,,,,,,,,,,,,,,,BF00175299,DTXSID2021864,10,GC_11092017_JB
495,,,,,,,,,,,,,,,,,,,EV0001416,DTXSID4022288,12,Task_12_compounds
209,,,,,,,,,,,,,,,,,,,TP0001894E08,DTXSID1021409,7,20170125
497,,,,,,,,,,,,,,,,,,,EV0001418,DTXSID0038887,12,Task_12_compounds
498,,,,,,,,,,,,,,,,,,,EV0001428,DTXSID0048185,12,Task_12_compounds
195,,,,,,,,,,,,,,,,,,,TP0001893H10,DTXSID6023733,7,20170123
500,,,,,,,,,,,,,,,,,,,EV0001431,DTXSID8023216,12,Task_12_compounds
164,,,,,,,,,,,,,,,,,,,TP0001893A12,DTXSID1044643,7,20170119
502,,,,,,,,,,,,,,,,,,,EV0001454,DTXSID1020485,12,Task_12_compounds
167,,,,,,,,,,,,,,,,,,,TP0001893B06,DTXSID9027522,7,20170119
504,,,,,,,,,,,,,,,,,,,Ranitidine,,12,Task_12_controls
505,,,,,,,,,,,,,,,,,,,Talinolol,,12,Task_12_controls
506,,,,,,,,,,,,,,,,,,,Warfarin,,12,Task_12_controls
507,,,,,,,,,,,,,,,,,,,BF00174484,DTXSID0022436,8,Task008_Caco_01312018
168,,,,,,,,,,,,,,,,,,,TP0001893B08,DTXSID3020205,7,20170119
509,,,,,,,,,,,,,,,,,,,BF00174494,DTXSID3021770,8,Task008_Caco_01312018
510,,,,,,,,,,,,,,,,,,,BF00174498,DTXSID4022446,8,Task008_Caco_01312018
511,,,,,,,,,,,,,,,,,,,BF00174515,DTXSID2020347,8,Task008_Caco_01312018
512,,,,,,,,,,,,,,,,,,,BF00174525,DTXSID0024266,8,Task008_Caco_01312018
513,,,,,,,,,,,,,,,,,,,BF00174526,DTXSID4027604,8,Task008_Caco_01312018
170,,,,,,,,,,,,,,,,,,,TP0001893B12,DTXSID2024086,7,20170119
515,,,,,,,,,,,,,,,,,,,BF00174541,DTXSID1026081,8,Task008_Caco_01312018
516,,,,,,,,,,,,,,,,,,,BF00174549,DTXSID1038321,8,Task008_Caco_01312018
517,,,,,,,,,,,,,,,,,,,BF00174550,DTXSID5022439,8,Task008_Caco_01312018
518,,,,,,,,,,,,,,,,,,,Ranitidine,,8,Task008_Caco_01312018
519,,,,,,,,,,,,,,,,,,,Talinolol,,8,Task008_Caco_01312018
520,,,,,,,,,,,,,,,,,,,Warfarin,,8,Task008_Caco_01312018
521,,,,,,,,,,,,,,,,,,,BF00174488,DTXSID3022409,8,Task008_Caco
172,,,,,,,,,,,,,,,,,,,TP0001893C06,DTXSID4026684,7,20170119
523,,,,,,,,,,,,,,,,,,,BF00174491,DTXSID6021824,8,Task008_Caco
524,,,,,,,,,,,,,,,,,,,BF00174493,DTXSID3022405,8,Task008_Caco
525,,,,,,,,,,,,,,,,,,,BF00174496,DTXSID2042436,8,Task008_Caco
526,,,,,,,,,,,,,,,,,,,BF00174497,DTXSID3036496,8,Task008_Caco
527,,,,,,,,,,,,,,,,,,,BF00174519,DTXSID8022408,8,Task008_Caco
528,,,,,,,,,,,,,,,,,,,Ranitidine,,8,Task008_Caco
529,,,,,,,,,,,,,,,,,,,Talinolol,,8,Task008_Caco
530,,,,,,,,,,,,,,,,,,,Warfarin,,8,Task008_Caco
177,,,,,,,,,,,,,,,,,,,TP0001893E07,DTXSID4032532,7,20170119
532,,,,,,,,,,,,,,,,,,,EV0001850,DTXSID6020147,12,Task12_Caco2_Set_1
533,,,,,,,,,,,,,,,,,,,EV0001856,DTXSID7026029,12,Task12_Caco2_Set_1
534,,,,,,,,,,,,,,,,,,,EV0001859,DTXSID5020283,12,Task12_Caco2_Set_1
535,,,,,,,,,,,,,,,,,,,EV0001861,DTXSID6022474,12,Task12_Caco2_Set_1
536,,,,,,,,,,,,,,,,,,,EV0001864,DTXSID4042206,12,Task12_Caco2_Set_1
537,,,,,,,,,,,,,,,,,,,EV0001870,DTXSID0040707,12,Task12_Caco2_Set_1
538,,,,,,,,,,,,,,,,,,,EV0001872,DTXSID6025567,12,Task12_Caco2_Set_1
539,,,,,,,,,,,,,,,,,,,EV0001873,DTXSID4026262,12,Task12_Caco2_Set_1
540,,,,,,,,,,,,,,,,,,,EV0001883,DTXSID9020740,12,Task12_Caco2_Set_1
541,,,,,,,,,,,,,,,,,,,EV0001893,DTXSID6025226,12,Task12_Caco2_Set_1
542,,,,,,,,,,,,,,,,,,,EV0001898,DTXSID2047355,12,Task12_Caco2_Set_1
543,,,,,,,,,,,,,,,,,,,EV0001899,DTXSID7047356,12,Task12_Caco2_Set_1
544,,,,,,,,,,,,,,,,,,,EV0001900,DTXSID4047258,12,Task12_Caco2_Set_1
545,,,,,,,,,,,,,,,,,,,EV0001902,DTXSID2047270,12,Task12_Caco2_Set_1
546,,,,,,,,,,,,,,,,,,,EV0001903,DTXSID7047277,12,Task12_Caco2_Set_1
547,,,,,,,,,,,,,,,,,,,Ranitidine,,12,Task12_Caco2_Set_1
548,,,,,,,,,,,,,,,,,,,Talinolol,,12,Task12_Caco2_Set_1
549,,,,,,,,,,,,,,,,,,,Warfarin,,12,Task12_Caco2_Set_1
550,,,,,,,,,,,,,,,,,,,EV0001908,DTXSID3047477,12,Task12_Caco2_Set_2
551,,,,,,,,,,,,,,,,,,,EV0001909,DTXSID2047357,12,Task12_Caco2_Set_2
552,,,,,,,,,,,,,,,,,,,EV0001910,DTXSID4047252,12,Task12_Caco2_Set_2
553,,,,,,,,,,,,,,,,,,,EV0001914,DTXSID1044564,12,Task12_Caco2_Set_2
554,,,,,,,,,,,,,,,,,,,EV0001916,DTXSID1022396,12,Task12_Caco2_Set_2
555,,,,,,,,,,,,,,,,,,,Ranitidine,,12,Task12_Caco2_Set_2
556,,,,,,,,,,,,,,,,,,,Talinolol,,12,Task12_Caco2_Set_2
557,,,,,,,,,,,,,,,,,,,Warfarin,,12,Task12_Caco2_Set_2
558,,,,,,,,,,,,,,,,,,,EV0001947,DTXSID6020068,12,Task12_Caco2_PlateB
559,,,,,,,,,,,,,,,,,,,EV0001980,DTXSID6020197,12,Task12_Caco2_PlateB
560,,,,,,,,,,,,,,,,,,,EV0001982,DTXSID3048520,12,Task12_Caco2_PlateB
120,,,,,,,,,,,,,,,,,,,TP0001894D03,DTXSID3034612,7,20170106_Plate2
108,,,,,,,,,,,,,,,,,,,TP0001898E11,DTXSID6051306,7,20170106
563,,,,,,,,,,,,,,,,,,,EV0002014,DTXSID3047344,12,Task12_Caco2_PlateB
564,,,,,,,,,,,,,,,,,,,EV0002017,DTXSID2026446,12,Task12_Caco2_PlateB
111,,,,,,,,,,,,,,,,,,,TP0001898F10,DTXSID9044950,7,20170106
566,,,,,,,,,,,,,,,,,,,EV0002024,DTXSID6047319,12,Task12_Caco2_PlateB
567,,,,,,,,,,,,,,,,,,,Ranitidine,,12,Task12_Caco2_PlateB
568,,,,,,,,,,,,,,,,,,,Talinolol,,12,Task12_Caco2_PlateB
569,,,,,,,,,,,,,,,,,,,Warfarin,,12,Task12_Caco2_PlateB
570,,,,,,,,,,,,,,,,,,,EV0001835,DTXSID4020240,12,Task12_Caco2_PlateC
571,,,,,,,,,,,,,,,,,,,EV0001862,DTXSID9033923,12,Task12_Caco2_PlateC
572,,,,,,,,,,,,,,,,,,,EV0001865,DTXSID5020366,12,Task12_Caco2_PlateC
573,,,,,,,,,,,,,,,,,,,EV0001874,DTXSID9024489,12,Task12_Caco2_PlateC
112,,,,,,,,,,,,,,,,,,,TP0001898G05,DTXSID2034627,7,20170106
575,,,,,,,,,,,,,,,,,,,EV0001892,DTXSID1022394,12,Task12_Caco2_PlateC
576,,,,,,,,,,,,,,,,,,,EV0001901,DTXSID0047296,12,Task12_Caco2_PlateC
577,,,,,,,,,,,,,,,,,,,EV0001917,DTXSID5048184,12,Task12_Caco2_PlateC
578,,,,,,,,,,,,,,,,,,,EV0001920,DTXSID6043915,12,Task12_Caco2_PlateC
579,,,,,,,,,,,,,,,,,,,EV0001924,DTXSID9026132,12,Task12_Caco2_PlateC
580,,,,,,,,,,,,,,,,,,,EV0001927,DTXSID3026223,12,Task12_Caco2_PlateC
581,,,,,,,,,,,,,,,,,,,EV0001932,DTXSID9036690,12,Task12_Caco2_PlateC
582,,,,,,,,,,,,,,,,,,,EV0001933,DTXSID5031131,12,Task12_Caco2_PlateC
90,,,,,,,,,,,,,,,,,,,TP0001894A04,DTXSID5023950,7,20170104
584,,,,,,,,,,,,,,,,,,,Ranitidine,,12,Task12_Caco2_PlateC
585,,,,,,,,,,,,,,,,,,,Talinolol,,12,Task12_Caco2_PlateC
586,,,,,,,,,,,,,,,,,,,Warfarin,,12,Task12_Caco2_PlateC
587,,,,,,,,,,,,,,,,,,,EV0002027,DTXSID8044593,12,Task12_Caco2_PlateD
588,,,,,,,,,,,,,,,,,,,EV0002028,DTXSID7047358,12,Task12_Caco2_PlateD
589,,,,,,,,,,,,,,,,,,,EV0002029,DTXSID3020887,12,Task12_Caco2_PlateD
590,,,,,,,,,,,,,,,,,,,EV0002046,DTXSID1025271,12,Task12_Caco2_PlateD
591,,,,,,,,,,,,,,,,,,,Ranitidine,,12,Task12_Caco2_PlateD
592,,,,,,,,,,,,,,,,,,,Talinolol,,12,Task12_Caco2_PlateD
593,,,,,,,,,,,,,,,,,,,Warfarin,,12,Task12_Caco2_PlateD
594,,,,,,,,,,,,,,,,,,,BF00175258,DTXSID6024337,10_13,Task_10_13_Caco-2_Compiled_LCMSGC_10032017
595,,,,,,,,,,,,,,,,,,,BF00175270,DTXSID0024216,10_13,Task_10_13_Caco-2_Compiled_LCMSGC_10032017
596,,,,,,,,,,,,,,,,,,,EV0000613,DTXSID1041508,10_13,Task_10_13_Caco-2_Compiled_LCMSGC_10032017
92,,,,,,,,,,,,,,,,,,,TP0001894C08,DTXSID2034598,7,20170104
65,,,,,,,,,,,,,,,,,,,TP0001894D03,DTXSID3034612,7,20170103
72,,,,,,,,,,,,,,,,,,,TP0001896C12,DTXSID8026303,7,20170103
600,,,,,,,,,,,,,,,,,,,Ranitidine,,10_13,Task_10_13_Caco-2_Compiled_LCMSGC_10032017
601,,,,,,,,,,,,,,,,,,,Talinolol,,10_13,Task_10_13_Caco-2_Compiled_LCMSGC_10032017
602,,,,,,,,,,,,,,,,,,,Warfarin,,10_13,Task_10_13_Caco-2_Compiled_LCMSGC_10032017
603,,,,,,,,,,,,,,,,,,,EV0000623,DTXSID3034165,13,Task13_Caco2_09292017
604,,,,,,,,,,,,,,,,,,,EV0000629,DTXSID7024112,13,Task13_Caco2_09292017
605,,,,,,,,,,,,,,,,,,,EV0000630,DTXSID2020713,13,Task13_Caco2_09292017
606,,,,,,,,,,,,,,,,,,,EV0000663,DTXSID1034181,13,Task13_Caco2_09292017
607,,,,,,,,,,,,,,,,,,,Ranitidine,,13,Task13_Caco2_09292017
608,,,,,,,,,,,,,,,,,,,Talinolol,,13,Task13_Caco2_09292017
609,,,,,,,,,,,,,,,,,,,Warfarin,,13,Task13_Caco2_09292017
610,,,,,,,,,,,,,,,,,,,EV0000611,DTXSID6022391,13,Task101113_Caco2_100122017_Ammonium_Oct6_JB
611,,,,,,,,,,,,,,,,,,,EV0000642,DTXSID8034588,13,Task101113_Caco2_100122017_Ammonium_Oct6_JB
76,,,,,,,,,,,,,,,,,,,TP0001896E02,DTXSID9036515,7,20170103
613,,,,,,,,,,,,,,,,,,,EV0000654,DTXSID7020972,13,Task101113_Caco2_100122017_Ammonium_Oct6_JB
82,,,,,,,,,,,,,,,,,,,TP0001897D01,DTXSID1032640,7,20170103
32,,,,,,,,,,,,,,,,,,,TP0001894B06,DTXSID5051650,7,20161229
616,,,,,,,,,,,,,,,,,,,EV0000668,DTXSID5020944,13,Task101113_Caco2_100122017_Ammonium_Oct6_JB
617,,,,,,,,,,,,,,,,,,,EV0000670,DTXSID6047525,13,Task101113_Caco2_100122017_Ammonium_Oct6_JB
16,,,,,,,,,,,,,,,,,,,Ranitidine,,7,20161208
619,,,,,,,,,,,,,,,,,,,EV0000622,DTXSID6035152,13,Task101113_Caco2_100132017_Oct5_Ammonium_JB
620,,,,,,,,,,,,,,,,,,,EV0000626,DTXSID6025486,13,Task101113_Caco2_100132017_Oct5_Ammonium_JB
17,,,,,,,,,,,,,,,,,,,TP0001893A11,DTXSID5023039,7,20161208
622,,,,,,,,,,,,,,,,,,,EV0000667,DTXSID5020108,13,Task101113_Caco2_100132017_Oct5_Ammonium_JB
623,,,,,,,,,,,,,,,,,,,BF00175536,DTXSID2048167,11,Task101113_Caco2_100122017_Formic_Oct6_JB
624,,,,,,,,,,,,,,,,,,,EV0000623,DTXSID3034165,13,Task101113_Caco2_100122017_Formic_Oct6_JB
625,,,,,,,,,,,,,,,,,,,EV0000629,DTXSID7024112,13,Task101113_Caco2_100122017_Formic_Oct6_JB
626,,,,,,,,,,,,,,,,,,,EV0000630,DTXSID2020713,13,Task101113_Caco2_100122017_Formic_Oct6_JB
627,,,,,,,,,,,,,,,,,,,EV0000663,DTXSID1034181,13,Task101113_Caco2_100122017_Formic_Oct6_JB
628,,,,,,,,,,,,,,,,,,,Ranitidine,,13,Task101113_Caco2_100122017_Formic_Oct6_JB
629,,,,,,,,,,,,,,,,,,,Talinolol,,13,Task101113_Caco2_100122017_Formic_Oct6_JB
630,,,,,,,,,,,,,,,,,,,Warfarin,,13,Task101113_Caco2_100122017_Formic_Oct6_JB
20,,,,,,,,,,,,,,,,,,,TP0001893E10,DTXSID4022369,7,20161208
632,,,,,,,,,,,,,,,,,,,BF00175487,DTXSID30865801,11,Task101113_Caco2_100132017_Oct5_Formic_JB
1,,,,,,,,,,,,,,,,,,,Ranitidine,,7,20161205
634,,,,,,,,,,,,,,,,,,,BF00175500,DTXSID3041035,11,Task101113_Caco2_100132017_Oct5_Formic_JB
635,,,,,,,,,,,,,,,,,,,BF00175508,DTXSID4026262,11,Task101113_Caco2_100132017_Oct5_Formic_JB
636,,,,,,,,,,,,,,,,,,,BF00175536,DTXSID2048167,11,Task101113_Caco2_100132017_Oct5_Formic_JB
637,,,,,,,,,,,,,,,,,,,Ranitidine,,13,Task101113_Caco2_100132017_Oct5_Formic_JB
638,,,,,,,,,,,,,,,,,,,Talinolol,,13,Task101113_Caco2_100132017_Oct5_Formic_JB
639,,,,,,,,,,,,,,,,,,,Warfarin,,13,Task101113_Caco2_100132017_Oct5_Formic_JB
