No,Name,Updated SMILES,%F,logK(%F),Category,Source
1,3-Ketodesogestrel,OC1(CCC2C3C(C4C(=CC(=O)CC4)CC3)C(CC12CC)=C)C#C,76,0.500602351,1,"5,8,13,14,16"
2,Abacavir,OCC1CC(n2c3nc(nc(NC4CC4)c3nc2)N)C=C1,83,0.688629171,1,"3,5,8,12,13,14,16"
3,Abecarnil,O(Cc1ccccc1)C=1C=CC2=NC=3C(=C2C=1)C(COC)=C(NC=3)C(OC(C)C)=O,92,1.06069784,1,"15,16"
4,Acadesine,NC(=O)c1ncn(C2OC(CO)C(O)C2O)c1N,10,-0.954242509,0,"15,16"
5,Acamprosate,S(O)(=O)(=O)CCCNC(=O)C,11,-0.907997321,0,"5,8,13,14,16"
6,Acarbose,O1C(C)C(NC2C=C(CO)C(O)C(O)C2O)C(O)C(O)C1OC1C(O)C(O)C(OC1CO)OC1C(O)C(O)C(OC1CO)O,2,-1.69019608,0,"5,8,10,13,14,15,16"
7,Acebutolol,O(CC(O)CNC(C)C)c1ccc(NC(=O)CCC)cc1C(=O)C,37,-0.231138825,0,"5,8,10,12,13,14,15,16"
8,Acenocoumarol,O1c2c(cccc2)C(O)=C(C(CC(=O)C)c2ccc([N+](=O)[O-])cc2)C1=O,60,0.176091259,1,"5,8,13,14,15,16"
9,Acepromazine,S1c2c(N(c3c1cccc3)CCCN(C)C)cc(cc2)C(=O)C,55,0.087150176,1,"5,8,13,14,16"
10,Acetaminophen,Oc1ccc(NC(=O)C)cc1,88,0.865301426,1,"3,5,8,10,12,13,14,15,16"
11,Acetazolamide,s1c(nnc1S(=O)(=O)N)NC(=O)C,99,1.995635195,1,"5,8,13,14,15,16"
12,Acetohydroxamic Acid,O=C(NO)C,55,0.087150176,1,"5,8,13,14,16"
13,Acetylcarnitine,CC(=O)OC(CC(=O)[O-])C[N+](C)(C)C,10,-0.954242509,0,"5,8,13,14,16"
14,Acetylcysteine,SCC(NC(=O)C)C(O)=O,5,-1.278753601,0,"5,8,13,14,16"
15,Acetyldigitoxin,O1C(C)C(OC2OC(C)C(O)C(OC(=O)C)C2)C(O)CC1OC1C(OC(OC2CC3CCC4C(CCC5(C)C(CCC45O)C4=CC(OC4)=O)C3(CC2)C)CC1O)C,70,0.367976785,1,"5,8,13,14,16"
16,Aciclovir,O=C1NC(=Nc2n(cnc12)COCCO)N,22.5,-0.537119184,0,"5,8,13,14,16"
17,Acipimox,OC(=O)c1ncc([n+]([O-])c1)C,90,0.954242509,1,"5,8,13,14,16"
18,Acitretin,O(C)c1cc(C)c(C=CC(=CC=CC(=CC(O)=O)C)C)c(C)c1C,59,0.158068155,1,"5,8,13,14,15,16"
19,Acrivastine,OC(=O)C=Cc1nc(ccc1)C(=CCN1CCCC1)c1ccc(cc1)C,18,-0.658541347,0,"5,8,13,14,16"
20,Adefovir,P(O)(O)(=O)COCCn1c2ncnc(N)c2nc1,12,-0.865301426,0,"5,8,10,13,14,16"
21,Adefovir Dipivoxil,CC(C)(C)C(=O)OCOP(=O)(COCCn1cnc2c(N)ncnc12)OCOC(=O)C(C)(C)C,12,-0.865301426,0,"15,16"
22,Adinazolam,Clc1cc2c(-n3c(nnc3CN(C)C)CN=C2c2ccccc2)cc1,39,-0.194265228,0,"5,8,10,13,14,16"
23,Alafosfalin,P(O)(O)(=O)C(NC(=O)C(N)C)C,50,0,0,"5,8,13,14,16"
24,Albendazole,S(CCC)c1cc2nc([nH]c2cc1)NC(OC)=O,5,-1.278753601,0,"15,16"
25,Alcuronium,OCC=C1C2C=3C4N(C=C5C6CC7[N+](CC6=CCO)(CCC67C5N(C=3)c3c6cccc3)CC=C)c3c(C45C([N+](C1)(CC5)CC=C)C2)cccc3,0,-2,0,"5,8,13,14,16"
26,Alendronate,P(O)(O)(=O)C(P(O)(O)=O)(O)CCCN,1,-1.995635195,0,"5,8,12,13,14,15,16"
27,Alfacalcidol,OC1CC(O)CC(=CC=C2C3CCC(C(CCCC(C)C)C)C3(CCC2)C)C1=C,71,0.388860351,1,"5,8,13,14,16"
28,Alfentanil,CCN1N=NN(CCN2CCC(CC2)(COC)N(C(=O)CC)c3ccccc3)C1=O,1,-1.995635195,0,"5,8,10,13,14,16"
29,Alfuzosin,O1CCCC1C(=O)NCCCN(C)c1nc(N)c2cc(OC)c(OC)cc2n1,55,0.087150176,1,"5,8,13,14,16"
30,Aliskiren,O(CCCOC)c1cc(ccc1OC)CC(C(C)C)CC(N)C(O)CC(C(C)C)C(=O)NCC(C(=O)N)(C)C,2.5,-1.591064607,0,"5,8,12,13,14,16"
31,Alizapride,O(C)c1cc2[nH]nnc2cc1C(=O)NCC1N(CCC1)CC=C,84,0.720159303,1,"5,8,10,13,14,16"
32,Allopurinol,O=C1NC=Nc2[nH]ncc12,53,0.052178012,1,"5,8,10,12,13,14,15,16"
33,Almitrine,Fc1ccc(cc1)C(N1CCN(CC1)c1nc(nc(n1)NCC=C)NCC=C)c1ccc(F)cc1,63,0.231138825,1,"5,8,13,14,16"
34,Almotriptan,S(=O)(=O)(N1CCCC1)Cc1cc2c([nH]cc2CCN(C)C)cc1,70,0.367976785,1,"3,5,8,13,14,16"
35,Alosetron,O=C1N(CCc2n(c3c(c12)cccc3)C)Cc1nc[nH]c1C,55,0.087150176,1,"3,5,8,12,13,14,16"
36,Alprazolam,Clc1cc2c(-n3c(nnc3C)CN=C2c2ccccc2)cc1,88,0.865301426,1,"5,8,10,12,13,14,15,16"
37,Alprenolol,O(CC(O)CNC(C)C)c1ccccc1CC=C,8,-1.06069784,0,"5,8,10,13,14,15,16"
38,Alprostadil,OC1CC(=O)C(CCCCCCC(O)=O)C1C=CC(O)CCCCC,15,-0.753327667,0,"5,8,13,14,16"
39,Alvimopan,Oc1cc(ccc1)C1(CCN(CC1C)CC(Cc1ccccc1)C(=O)NCC(O)=O)C,6,-1.194976603,0,"5,8,13,14,16"
40,Amantadine,NC12CC3CC(C1)CC(C2)C3,90,0.954242509,1,"5,8,10,12,13,14,15,16"
41,Ambroxol,Brc1cc(Br)cc(CNC2CCC(O)CC2)c1N,77,0.524762889,1,"5,8,13,14,16"
42,Amdinocillin,S1C2N(C(C(O)=O)C1(C)C)C(=O)C2N=CN1CCCCCC1,5,-1.278753601,0,"5,8,13,14,16"
43,Amdinocillin_pivoxil,S1C2N(C(C(OCOC(=O)C(C)(C)C)=O)C1(C)C)C(=O)C2N=CN1CCCCCC1,0,-2,0,"5,8,13,14,16"
44,Amezinium,O(C)c1[n+](ncc(N)c1)-c1ccccc1,58,0.140178703,1,"5,8,13,14,16"
45,Amifostine,S(P(O)(O)=O)CCNCCCN,99,1.995635195,1,"5,8,13,14,16"
46,Amikacin,O1C(CN)C(O)C(O)C(O)C1OC1C(O)C(OC2OC(CO)C(O)C(N)C2O)C(NC(=O)C(O)CCN)CC1N,0,-2,0,"5,8,13,14,16"
47,Amiloride,Clc1nc(C(=O)N=C(N)N)c(nc1N)N,50,0,0,"5,8,12,13,14,16"
48,Aminocamptothecin,OC1(C2=C(CCC1=O)C(=O)N1C(=C2)c2nc3c(cc2C1)c(N)ccc3)CC,49,-0.017374096,0,"5,8,13,14,16"
49,Aminoglutethimide,O=C1NC(=O)CCC1(CC)c1ccc(N)cc1,95,1.278753601,1,"5,8,13,14,15,16"
50,Aminolevulinic_acid,OC(=O)CCC(=O)CN,60,0.176091259,1,"5,8,13,14,16"
51,Amiprilose,O1C2OC(OC2C(OCCCN(C)C)C1C(O)CO)(C)C,63,0.231138825,1,"5,8,13,14,16"
52,Amisulpride,S(=O)(=O)(CC)c1cc(C(=O)NCC2N(CCC2)CC)c(OC)cc1N,48,-0.034762106,0,"5,8,10,13,14,16"
53,Amitriptyline,N(CCC=C1c2c(CCc3c1cccc3)cccc2)(C)C,48,-0.034762106,0,"5,8,10,12,13,14,15,16"
54,Amlodipine,Clc1ccccc1C1C(C(OCC)=O)=C(NC(C)=C1C(OC)=O)COCCN,74,0.454258372,1,"5,8,10,12,13,14,15,16"
55,Amobarbital,CCC1(CCC(C)C)C(=O)NC(=O)NC1=O,95,1.278753601,1,"5,8,13,14,16"
56,Amodiaquine,Clc1cc2nccc(Nc3cc(CN(CC)CC)c(O)cc3)c2cc1,75,0.477121255,1,"5,8,13,14,16"
57,Amosulalol,S(=O)(=O)(N)c1cc(ccc1C(O)CNCCOc1ccccc1OC)C,99,1.995635195,1,"5,8,13,14,16"
58,Amoxapine,Clc1cc2c(Oc3c(N=C2N2CCNCC2)cccc3)cc1,36,-0.249877473,0,"5,8,13,14,16"
59,Amoxicillin,S1C2N(C(C(O)=O)C1(C)C)C(=O)C2NC(=O)C(N)c1ccc(O)cc1,93,1.123384909,1,"5,8,10,12,13,14,15,16"
60,Amphotericin_B,CC1C=CC=CC=CC=CC=CC=CC=CC(CC2C(C(CC(O2)(CC(CC(C(CCC(CC(CC(=O)OC(C(C1O)C)C)O)O)O)O)O)O)O)C(=O)O)OC3C(C(C(C(O3)C)O)N)O,3,-1.50965048,0,"5,8,13,14,16"
61,Ampicillin,S1C2N(C(C(O)=O)C1(C)C)C(=O)C2NC(=O)C(N)c1ccccc1,62,0.212608093,1,"5,8,10,12,13,14,15,16"
62,Ampiroxicam,S1(=O)(=O)N(C)C(C(=O)Nc2ncccc2)=C(OC(OC(OCC)=O)C)c2c1cccc2,0,-2,0,"5,8,13,14,16"
63,Amrinone,O=C1NC=C(C=C1N)c1ccncc1,93,1.123384909,1,"5,8,12,13,14,15,16"
64,Amsalog,S(=O)(=O)(Nc1cc(OC)c(Nc2c3c(nc4c2cccc4C)c(ccc3)C(=O)NC)cc1)C,34,-0.288065018,0,"5,8,13,14,16"
65,Anagrelide,Clc1c2CN3CC(=O)NC3=Nc2ccc1Cl,75,0.477121255,1,"5,8,13,14,16"
66,Anastrozole,n1cn(nc1)Cc1cc(cc(c1)C(C#N)(C)C)C(C#N)(C)C,80,0.602059991,1,"3,5,8,12,13,14,15,16"
67,Anisotropine Methylbromide,O(C(=O)C(CCC)CCC)C1CC2[N+](C(C1)CC2)(C)C,17.5,-0.6734159,0,"5,8,13,14,16"
68,Antipyrine,O=C1N(N(C)C(=C1)C)c1ccccc1,99,1.995635195,1,"5,8,10,13,14,16"
69,Antrafenine,FC(F)(F)c1cc(N2CCN(CC2)CCOC(=O)c2ccccc2Nc2c3c(ncc2)cc(cc3)C(F)(F)F)ccc1,99,1.995635195,1,"5,8,13,14,16"
70,Apomorphine,Oc1c-2c(CC3N(CCc4c3c-2ccc4)C)ccc1O,10,-0.954242509,0,"5,8,13,14,16"
71,Aprepitant,Fc1ccc(cc1)C1N(CCOC1OC(C)c1cc(cc(c1)C(F)(F)F)C(F)(F)F)CC1=NC(=O)NN1,62.5,0.22184875,1,"3,5,8,13,14,16"
72,Aprindine,N(CCCN(CC)CC)(C1Cc2c(C1)cccc2)c1ccccc1,85,0.753327667,1,"5,8,13,14,16"
73,Arbekacin,O1C(CO)C(O)C(N)C(O)C1OC1C(O)C(OC2OC(CCC2N)CN)C(N)CC1NC(=O)C(O)CCN,0,-2,0,"5,8,13,14,16"
74,Aripiprazole,Clc1c(N2CCN(CC2)CCCCOc2cc3NC(=O)CCc3cc2)cccc1Cl,87,0.8255759,1,"5,8,12,13,14,16"
75,Artemether,O1C2OC3(OOC24C(CCC(C4CC3)C)C(C)C1OC)C,58,0.140178703,1,"5,8,13,14,16"
76,Astemizole,COc1ccc(CCN2CCC(CC2)Nc3nc4ccccc4n3Cc5ccc(F)cc5)cc1,2,-1.69019608,0,"5,8,13,14,15,16"
77,Atazanavir,O(C(=O)NC(C(C)(C)C)C(=O)NC(Cc1ccccc1)C(O)CN(NC(=O)C(NC(OC)=O)C(C)(C)C)Cc1ccc(cc1)-c1ncccc1)C,64,0.249877473,1,"5,8,13,14,16"
78,Atenolol,O(CC(O)CNC(C)C)c1ccc(cc1)CC(=O)N,56,0.104735351,1,"5,8,10,12,13,14,15,16"
79,Atomoxetine,O(C(CCNC)c1ccccc1)c1ccccc1C,94,1.194976603,1,"3,5,8,10,13,14,16"
80,Atovaquone,Clc1ccc(cc1)C1CCC(CC1)C1=C(O)C(=O)c2c(cccc2)C1=O,23,-0.524762889,0,"3,5,8,10,12,13,14,15,16"
81,Atropine (DL),O(C(=O)C(CO)c1ccccc1)C1CC2N(C(C1)CC2)C,50,0,0,"5,8,12,13,14,15,16"
82,Avitriptan,S(=O)(=O)(NC)Cc1cc2c([nH]cc2CCCN2CCN(CC2)c2ncncc2OC)cc1,17.200001,-0.682501859,0,"5,8,13,14,16"
83,Azathioprine,S(c1n(cnc1[N+](=O)[O-])C)c1ncnc2nc[nH]c12,60,0.176091259,1,"5,8,12,13,14,15,16"
84,Azelastine,Clc1ccc(cc1)CC1=NN(C2CCCN(CC2)C)C(=O)c2c1cccc2,99,1.995635195,1,"5,8,13,14,16"
85,azidocillin,CC1(C(N2C(S1)C(C2=O)NC(=O)C(C3=CC=CC=C3)N=[N+]=[N-])C(=O)O)C,60,0.176091259,1,"5,8,13,14,16"
86,Azithromycin,O1C(CC)C(O)(C)C(O)C(N(CC(CC(O)(C)C(OC2OC(CC(N(C)C)C2O)C)C(C)C(OC2OC(C)C(O)C(OC)(C2)C)C(C)C1=O)C)C)C,34,-0.288065018,0,"5,8,10,12,13,14,15,16"
87,Azlocillin,S1C2N(C(C(O)=O)C1(C)C)C(=O)C2NC(=O)C(NC(=O)N1CCNC1=O)c1ccccc1,0,-2,0,"5,8,13,14,16"
88,Azosemide,Clc1cc(NCc2sccc2)c(cc1S(=O)(=O)N)-c1[nH]nnn1,10,-0.954242509,0,"5,8,13,14,16"
89,Aztreonam,s1cc(nc1N)C(=NOC(C(O)=O)(C)C)C(=O)NC1C(N(S(O)(=O)=O)C1=O)C,1,-1.995635195,0,"5,8,10,13,14,15,16"
90,Baclofen,Clc1ccc(cc1)C(CC(O)=O)CN,90,0.954242509,1,"5,8,12,13,14,15,16"
91,Balsalazide,O=C1C=CC(=NNc2ccc(cc2)C(=O)NCCC(O)=O)C=C1C(O)=O,1,-1.995635195,0,"5,8,13,14,16"
92,Bambuterol,O(C(=O)N(C)C)c1cc(cc(OC(=O)N(C)C)c1)C(O)CNC(C)(C)C,15,-0.753327667,0,"5,8,13,14,16"
93,Barnidipine,CC1=C(C(C(=C(N1)C)C(=O)OC2CCN(C2)CC3=CC=CC=C3)C4=CC(=CC=C4)[N+](=O)[O-])C(=O)OC,1,-1.995635195,0,"5,8,13,14,16"
94,Benazepril,O=C1N(c2c(CCC1NC(CCc1ccccc1)C(OCC)=O)cccc2)CC(O)=O,18,-0.658541347,0,"5,8,13,14,15,16"
95,Bencyclane,O(CCCN(C)C)C1(CCCCCC1)Cc1ccccc1,51,0.017374096,1,"5,8,13,14,16"
96,Bendroflumethiazide,S(=O)(=O)(N)c1cc2S(=O)(=O)NC(Nc2cc1C(F)(F)F)Cc1ccccc1,90,0.954242509,1,"5,8,13,14,16"
97,Benperidol,Fc1ccc(cc1)C(=O)CCCN1CCC(N2c3c(NC2=O)cccc3)CC1,40,-0.176091259,0,"5,8,13,14,16"
98,Benzquinamide,O(C(=O)C)C1CC2N(CC1C(=O)N(CC)CC)CCc1cc(OC)c(OC)cc12,36,-0.249877473,0,"5,8,13,14,16"
99,Benzthiazide,Clc1cc2N=CN(S(=O)(=O)c2cc1S(=O)(=O)N)CSCc1ccccc1,25,-0.477121255,0,"5,8,13,14,16"
100,Benztropine,O(C(c1ccccc1)c1ccccc1)C1CC2N(C(C1)CC2)C,29,-0.388860351,0,"5,8,13,14,16"
101,Benzydamine,O(CCCN(C)C)c1nn(c2c1cccc2)Cc1ccccc1,87,0.8255759,1,"5,8,13,14,16"
102,Bepridil,O(CC(C)C)CC(N(Cc1ccccc1)c1ccccc1)CN1CCCC1,61,0.194265228,1,"5,8,13,14,15,16"
103,Beta-carotene,C1CCC(C)=C(C=CC(=CC=CC(=CC=CC=C(C=CC=C(C=CC=2C(CCCC=2C)(C)C)C)C)C)C)C1(C)C,25,-0.477121255,0,"15,16"
104,Betaxolol,O(CC(O)CNC(C)C)c1ccc(cc1)CCOCC1CC1,85,0.753327667,1,"5,8,10,13,14,15,16"
105,Bevantolol,O(C)c1cc(ccc1OC)CCNCC(O)COc1cc(ccc1)C,57,0.1224064,1,"5,8,13,14,16"
106,Bezafibrate,Clc1ccc(cc1)C(=O)NCCc1ccc(OC(C(O)=O)(C)C)cc1,99,1.995635195,1,"5,8,13,14,16"
107,Bifemelane,O(CCCCNC)c1ccccc1Cc1ccccc1,13,-0.8255759,0,"5,8,13,14,16"
108,Biotin,S1CC2NC(=O)NC2C1CCCCC(O)=O,99,1.995635195,1,"5,8,13,14,16"
109,Biperiden,OC(CCN1CCCCC1)(C1C2CC(C1)C=C2)c1ccccc1,30,-0.367976785,0,"5,8,10,13,14,16"
110,Bisacodyl,O(C(=O)C)c1ccc(cc1)C(c1ccc(OC(=O)C)cc1)c1ncccc1,15,-0.753327667,0,"15,16"
111,Bisoprolol,O(CC(O)CNC(C)C)c1ccc(cc1)COCCOC(C)C,90,0.954242509,1,"5,8,10,13,14,15,16"
112,Bosentan,S(=O)(=O)(Nc1nc(nc(OCCO)c1Oc1ccccc1OC)-c1ncccn1)c1ccc(cc1)C(C)(C)C,50,0,0,"3,5,8,13,14,15,16"
113,BRETYLIUM,Brc1ccccc1C[N+](CC)(C)C,23,-0.524762889,0,"5,8,13,14,15,16"
114,Bromazepam,Brc1cc2c(NC(=O)CN=C2c2ncccc2)cc1,84,0.720159303,1,"5,8,10,13,14,16"
115,Bromfenac,Brc1ccc(cc1)C(=O)c1cccc(CC(O)=O)c1N,67,0.307560863,1,"5,8,10,13,14,15,16"
116,Bromhexine,Brc1cc(Br)cc(CN(C)C2CCCCC2)c1N,77.5,0.537119184,1,"5,8,13,14,16"
117,Bromocriptine,CC(C)CC1C(=O)N2CCCC2C3(N1C(=O)C(O3)(C(C)C)NC(=O)C4CN(C5CC6=C(NC7=CC=CC(=C67)C5=C4)Br)C)O,28,-0.410174465,0,"3,5,8,12,13,14,15,16"
118,Bromopride,Brc1cc(C(=O)NCCN(CC)CC)c(OC)cc1N,67.5,0.317420412,1,"5,8,13,14,16"
119,Brompheniramine,Brc1ccc(cc1)C(CCN(C)C)c1ncccc1,89,0.907997321,1,"5,8,13,14,16"
120,Brotizolam,Brc1sc2-n3c(nnc3C)CN=C(c2c1)c1ccccc1Cl,70,0.367976785,1,"5,8,13,14,16"
121,Bucindolol,O(CC(O)CNC(Cc1c2c([nH]c1)cccc2)(C)C)c1ccccc1C#N,30,-0.367976785,0,"5,8,13,14,16"
122,Budesonide,O1C2(C(OC1CCC)CC1C3C(C4(C(=CC(=O)C=C4)CC3)C)C(O)CC12C)C(=O)CO,37,-0.231138825,0,"3,5,8,10,13,14,15,16"
123,Budipine,N1(CCC(CC1)(c1ccccc1)c1ccccc1)C(C)(C)C,47,-0.052178012,0,"5,8,13,14,16"
124,Buflomedil,O(C)c1cc(OC)cc(OC)c1C(=O)CCCN1CCCC1,65,0.268845312,1,"5,8,10,13,14,16"
125,Bufuralol,CCC1=CC=CC2=C1OC(=C2)C(CNC(C)(C)C)O,46,-0.069635928,0,"5,8,10,13,14,16"
126,Bumetanide,S(=O)(=O)(N)c1cc(cc(NCCCC)c1Oc1ccccc1)C(O)=O,90,0.954242509,1,"3,5,8,10,12,13,14,15,16"
127,Bupivacaine,O=C(Nc1c(cccc1C)C)C1N(CCCC1)CCCC,0,-2,0,"10,16"
128,Buprenorphine,O1C2C34C5(CC(C(O)(C(C)(C)C)C)C2(OC)CC5)C(N(CC3)CC2CC2)Cc2c4c1c(O)cc2,28,-0.410174465,0,"5,8,13,14,15,16"
129,Buspirone,O=C1N(CCCCN2CCN(CC2)c2ncccn2)C(=O)CC2(C1)CCCC2,3.9,-1.391658781,0,"5,8,12,13,14,15,16"
130,Busulfan,S(OCCCCOS(=O)(=O)C)(=O)(=O)C,70,0.367976785,1,"3,5,8,12,13,14,16"
131,Butalbital,O=C1NC(=O)NC(=O)C1(CC(C)C)CC=C,85,0.753327667,1,"15,16"
132,Butorphanol,OC12C3(CCCC1)CCN(C2Cc1c3cc(O)cc1)CC1CCC1,17,-0.688629171,0,"5,8,13,14,15,16"
133,Butylscopolamine,O1C2C3[N+](C(CC(OC(=O)C(CO)c4ccccc4)C3)C12)(CCCC)C,1,-1.995635195,0,"5,8,13,14,16"
134,Cabergoline,O=C(N(CCCN(C)C)C(=O)NCC)C1CC2C(N(C1)CC=C)Cc1c3c2cccc3[nH]c1,65,0.268845312,1,"5,8,13,14,16"
135,Caffeine,O=C1N(C)C(=O)N(c2ncn(c12)C)C,98,1.69019608,1,"3,5,8,10,12,13,14,15,16"
136,Calcipotriol,OC1CC(O)CC(=CC=C2C3CCC(C(C=CC(O)C4CC4)C)C3(CCC2)C)C1=C,5.5,-1.235069119,0,"5,8,13,14,16"
137,Calcitriol,OC1CC(O)CC(=CC=C2C3CCC(C(CCCC(O)(C)C)C)C3(CCC2)C)C1=C,61,0.194265228,1,"3,5,8,12,13,14,16"
138,Capecitabine,FC1=CN(C2OC(C)C(O)C2O)C(=O)N=C1NC(OCCCCC)=O,99,1.995635195,1,"5,8,13,14,16"
139,Captopril,SCC(C(=O)N1CCCC1C(O)=O)C,69,0.347487397,1,"5,8,10,12,13,14,15,16"
140,Carbamazepine,O=C(N)N1c2c(C=Cc3c1cccc3)cccc2,70,0.367976785,1,"3,5,8,12,13,14,15,16"
141,Carbenicillin,S1C2N(C(C(O)=O)C1(C)C)C(=O)C2NC(=O)C(C(O)=O)c1ccccc1,35,-0.268845312,0,"5,8,13,14,15,16"
142,Carbimazole,S=C1N(C=CN1C)C(OCC)=O,0,-2,0,"5,8,13,14,16"
143,Carmustine,ClCCN(N=O)C(=O)NCCCl,11.5,-0.88624543,0,"5,8,13,14,16"
144,Carteolol,O(CC(O)CNC(C)(C)C)c1c2CCC(=O)Nc2ccc1,88,0.865301426,1,"5,8,13,14,15,16"
145,Carvedilol (racemic),O(CCNCC(OCc1c2c3c([nH]c2ccc1)cccc3)O)c1ccccc1OC,25,-0.477121255,0,"5,8,10,12,13,14,15,16"
146,Cefacetrile,S1C2N(C(=O)C2NC(=O)CC#N)C(C(O)=O)=C(C1)COC(=O)C,0,-2,0,"5,8,13,14,16"
147,Cefaclor,ClC=1CSC2N(C(=O)C2NC(=O)C(N)c2ccccc2)C=1C(O)=O,90,0.954242509,1,"3,5,8,13,14,15,16"
148,Cefadroxil,S1C2N(C(=O)C2NC(=O)C(N)c2ccc(O)cc2)C(C(O)=O)=C(C1)C,95,1.278753601,1,"5,8,10,12,13,14,15,16"
149,Cefamandole,Cn1nnnc1SCC2=C(N3C(SC2)C(NC(=O)C(O)c4ccccc4)C3=O)C(=O)O,96,1.380211242,1,"15,16"
150,Cefatrizine,S1C2N(C(=O)C2NC(=O)C(N)c2ccc(O)cc2)C(C(O)=O)=C(C1)CSc1nn[nH]c1,66,0.288065018,1,"5,8,10,13,14,16"
151,cefazolin,s1c(nnc1SCC=1CSC2N(C(=O)C2NC(=O)Cn2nnnc2)C=1C(O)=O)C,0,-2,0,"3,5,8,10,13,14,15,16"
152,cefcanel daloxate,s1c(nnc1SCC=1CSC2N(C(=O)C2NC(=O)C(OC(=O)C(N)C)c2ccccc2)C=1C(OCC=1OC(OC=1C)=O)=O)C,40,-0.176091259,0,"5,8,13,14,16"
153,Cefdinir,C=CC1=C(N2C(C(C2=O)NC(=O)C(=NO)C3=CSC(=N3)N)SC1)C(=O)O,18.5,-0.64398588,0,"5,8,13,14,15,16"
154,Cefditoren,s1cnc(C)c1C=CC=1CSC2N(C(=O)C2NC(=O)C(=NOC)c2nc(sc2)N)C=1C(O)=O,14,-0.788370416,0,"5,8,13,14,16"
155,Cefepime,s1cc(nc1N)C(=NOC)C(=O)NC1C2SCC(C[N+]3(CCCC3)C)=C(N2C1=O)C(O)=O,99,1.995635195,1,"10,15,16"
156,Cefetamet,s1cc(nc1N)C(=NOC)C(=O)NC1C2SCC(C)=C(N2C1=O)C(O)=O,47,-0.052178012,0,"10,16"
157,Cefixime,s1cc(nc1N)C(=NOCC(O)=O)C(=O)NC1C2SCC(C=C)=C(N2C1=O)C(O)=O,47,-0.052178012,0,"5,8,10,12,13,14,15,16"
158,Cefodizime,s1c(CC(O)=O)c(nc1SCC=1CSC2N(C(=O)C2NC(=O)C(=NOC)c2nc(sc2)N)C=1C(O)=O)C,0,-2,0,"5,8,13,14,16"
159,Cefoperazone,S1C2N(C(=O)C2NC(=O)C(NC(=O)N2CCN(CC)C(=O)C2=O)c2ccc(O)cc2)C(C(O)=O)=C(C1)CSc1nnnn1C,10,-0.954242509,0,"5,8,13,14,16"
160,Cefoxitin,COC1(C2N(C1=O)C(=C(CS2)COC(=O)N)C(=O)O)NC(=O)CC3=CC=CS3,0,-2,0,"5,8,13,14,16"
161,Cefpodoxime Proxetil,s1cc(nc1N)C(=NOC)C(=O)NC1C2SCC(COC)=C(N2C1=O)C(OC(OC(OC(C)C)=O)C)=O,52,0.034762106,1,"15,16"
162,Cefprozil,S1C2N(C(=O)C2NC(=O)C(N)c2ccc(O)cc2)C(C(O)=O)=C(C1)C=CC,90,0.954242509,1,"5,8,13,14,15,16"
163,Ceftazidime,s1cc(nc1N)C(=NOC(C(O)=O)(C)C)C(=O)NC1C2SCC(C[n+]3ccccc3)=C(N2C1=O)C(O)=O,0,-2,0,"5,8,13,14,16"
164,Ceftibuten,s1cc(nc1N)C(=CCC(O)=O)C(=O)NC1C2SCC=C(N2C1=O)C(O)=O,82.5,0.6734159,1,"5,8,13,14,16"
165,Ceftizoxime,s1cc(nc1N)C(=NOC)C(=O)NC1C2SCC=C(N2C1=O)C(O)=O,0,-2,0,"5,8,13,14,16"
166,Ceftriaxone,CON=C(C(=O)NC1C2SCC(=C(N2C1=O)C(=O)O)CSC3=NC(=O)C(=O)NN3C)c4csc(N)n4,0,-2,0,"5,8,10,13,14,16"
167,Cefuroxime,S1C2N(C(=O)C2NC(=O)C(=NOC)c2occc2)C(C(O)=O)=C(C1)COC(=O)N,32,-0.327358934,0,"5,8,10,13,14,15,16"
168,Celiprolol,O(CC(O)CNC(C)(C)C)c1ccc(NC(=O)N(CC)CC)cc1C(=O)C,40,-0.176091259,0,"5,8,13,14,16"
169,Cephalexin,S1C2N(C(=O)C2NC(=O)C(N)c2ccccc2)C(C(O)=O)=C(C1)C,90,0.954242509,1,"3,5,8,10,12,13,14,15,16"
170,Cephalothin,s1cccc1CC(=O)NC1C2SCC(COC(=O)C)=C(N2C1=O)C(O)=O,0,-2,0,"5,8,13,14,16"
171,Cephapirin,S1C2N(C(=O)C2NC(=O)CSc2ccncc2)C(C(O)=O)=C(C1)COC(=O)C,0,-2,0,"5,8,13,14,16"
172,Cephradine,S1C2N(C(=O)C2NC(=O)C(N)C=2CC=CCC=2)C(C(O)=O)=C(C1)C,94,1.194976603,1,"5,8,10,12,13,14,15,16"
173,Cerivastatin,Fc1ccc(cc1)-c1c(COC)c(nc(C(C)C)c1C=CC(O)CC(O)CC(O)=O)C(C)C,60,0.176091259,1,"5,8,10,13,14,15,16"
174,Cetirizine,Clc1ccc(cc1)C(N1CCN(CC1)CCOCC(O)=O)c1ccccc1,90,0.954242509,1,"5,8,12,13,14,15,16"
175,Chlorambucil,ClCCN(CCCl)c1ccc(cc1)CCCC(O)=O,82,0.658541347,1,"3,5,8,10,12,13,14,15,16"
176,Chloramphenicol,ClC(Cl)C(=O)NC(C(O)c1ccc([N+](=O)[O-])cc1)CO,82,0.658541347,1,"3,5,8,10,12,13,14,15,16"
177,Chloramphenicol_palmitate,ClC(Cl)C(=O)NC(C(O)c1ccc([N+](=O)[O-])cc1)COC(=O)CCCCCCCCCCCCCCC,80,0.602059991,1,"5,8,13,14,16"
178,Chlordiazepoxide,Clc1cc2c(N=C(NC)C[N+]([O-])=C2c2ccccc2)cc1,99,1.995635195,1,"5,8,10,12,13,14,15,16"
179,Chlorhexidine,Clc1ccc(NC(=NC(=NCCCCCCN=C(N=C(Nc2ccc(Cl)cc2)N)N)N)N)cc1,1,-1.995635195,0,"5,8,13,14,16"
180,Chlormezanone,Clc1ccc(cc1)C1S(=O)(=O)CCC(=O)N1C,99,1.995635195,1,"5,8,13,14,16"
181,Chloroquine,Clc1cc2nccc(N(CCCCN(CC)CC)C)c2cc1,80,0.602059991,1,"5,8,10,12,13,14,15,16"
182,Chlorothiazide,Clc1cc2N=CNS(=O)(=O)c2cc1S(=O)(=O)N,13,-0.8255759,0,"5,8,13,14,15,16"
183,Chloroxine,Clc1cc(Cl)c2c(nccc2)c1O,89,0.907997321,1,"5,8,13,14,16"
184,Chlorpheniramine,Clc1ccc(N(CCN(C)C)c2ncccc2)cc1,41,-0.158068155,0,"5,8,10,12,13,14,15,16"
185,Chlorpromazine,Clc1cc2N(c3c(Sc2cc1)cccc3)CCCN(C)C,25,-0.477121255,0,"3,5,8,10,12,13,14,15,16"
186,CHLORPROPAMIDE,Clc1ccc(S(=O)(=O)NC(=O)NCCC)cc1,95,1.278753601,1,"5,8,10,13,14,15,16"
187,Chlorprothixene,Clc1cc2c(Sc3c(cccc3)C2=CCCN(C)C)cc1,41,-0.158068155,0,"5,8,13,14,16"
188,Chlortetracycline,CC1(C2CC3C(C(=O)C(=C(C3(C(=O)C2=C(C4=C(C=CC(=C41)Cl)O)O)O)O)C(=O)N)N(C)C)O,30,-0.367976785,0,"3,5,8,13,14,16"
189,Cibenzoline,N1CCN=C1C1CC1(c1ccccc1)c1ccccc1,86,0.788370416,1,"5,8,10,13,14,16"
190,Cicaprost,OC1CC2C(CC(C2)=CCOCC(O)=O)C1C#CC(O)C(CC#CCC)C,99,1.995635195,1,"5,8,13,14,16"
191,Ciclesonide,O1C2(C(OC1C1CCCCC1)CC1C3C(C4(C(=CC(=O)C=C4)CC3)C)C(O)CC12C)C(=O)COC(=O)C(C)C,1,-1.995635195,0,"5,8,13,14,16"
192,Cicloprolol,CC(C)NCC(COC1=CC=C(C=C1)OCCOCC2CC2)O,99,1.995635195,1,"5,8,13,14,16"
193,Cidofovir,P(O)(O)(=O)COC(CN1C=CC(=NC1=O)N)CO,5,-1.278753601,0,"5,8,10,12,13,14,15,16"
194,CILAZAPRIL,O=C1N2N(CCCC1NC(CCc1ccccc1)C(OCC)=O)CCCC2C(O)=O,60,0.176091259,1,"5,8,13,14,15,16"
195,Cilazaprilat,O=C1N2N(CCCC1NC(CCc1ccccc1)C(O)=O)CCCC2C(O)=O,26,-0.454258372,0,"5,8,13,14,16"
196,Cilomilast,O(c1cc(ccc1OC)C1(CCC(CC1)C(O)=O)C#N)C1CCCC1,99,1.995635195,1,"5,8,10,13,14,16"
197,Cimetidine,S(Cc1nc[nH]c1C)CCNC(=NC)NC#N,60,0.176091259,1,"3,5,8,10,12,13,14,15,16"
198,Cimetropium,O1C2C3[N+](C(CC(OC(=O)C(CO)c4ccccc4)C3)C12)(CC1CC1)C,2,-1.69019608,0,"5,8,13,14,16"
199,Cinacalcet,FC(F)(F)c1cc(ccc1)CCCNC(C)c1c2c(ccc1)cccc2,20,-0.602059991,0,"5,8,12,13,14,16"
200,Cinolazepam,Clc1cc2c(N(CCC#N)C(=O)C(O)N=C2c2ccccc2F)cc1,95,1.278753601,1,"5,8,13,14,16"
201,cinoxacin,O1c2c(OC1)cc1N(N=C(C(O)=O)C(=O)c1c2)CC,72.5,0.421005313,1,"15,16"
202,Ciprofibrate,ClC1(Cl)CC1c1ccc(OC(C(O)=O)(C)C)cc1,99,1.995635195,1,"5,8,13,14,16"
203,Ciprofloxacin,Fc1cc2c(nc1N1CCCCC1)N(C=C(C(O)=O)C2=O)C1CC1,60,0.176091259,1,"3,5,8,10,12,13,14,15,16"
204,Cisapride,Clc1cc(C(=O)NC2CCN(CC2OC)CCCOc2ccc(F)cc2)c(OC)cc1N,40,-0.176091259,0,"5,8,12,13,14,15,16"
205,Cladribine,Clc1nc(N)c2ncn(c2n1)C1OC(CO)C(O)C1,45,-0.087150176,0,"5,8,13,14,15,16"
206,Clarithromycin,O1C(CC)C(O)(C)C(O)C(C)C(=O)C(CC(OC)(C)C(OC2OC(CC(N(C)C)C2O)C)C(C)C(OC2OC(C)C(O)C(OC)(C2)C)C(C)C1=O)C,55,0.087150176,1,"3,5,8,10,12,13,14,15,16"
207,Clavulanic Acid (Clavulanate),O1C2N(C(C(O)=O)C1=CCO)C(=O)C2,75,0.477121255,1,"3,5,8,12,13,14,15,16"
208,Clemastine,Clc1ccc(cc1)C(OCCC1N(CCC1)C)(C)c1ccccc1,37,-0.231138825,0,"5,8,13,14,15,16"
209,Clenbuterol,Clc1cc(cc(Cl)c1N)C(O)CNC(C)(C)C,99,1.995635195,1,"5,8,13,14,16"
210,Clinafloxacin,Clc1c2N(C=C(C(O)=O)C(=O)c2cc(F)c1N1CC(N)CC1)C1CC1,90,0.954242509,1,"5,8,10,13,14,16"
211,Clindamycin,ClC(C(NC(=O)C1N(CC(C1)CCC)C)C1OC(SC)C(O)C(O)C1O)C,87,0.8255759,1,"5,8,10,12,13,14,15,16"
212,Clobazam,Clc1cc2N(C(=O)CC(=O)N(c2cc1)C)c1ccccc1,90,0.954242509,1,"5,8,13,14,15,16"
213,Clodronate,ClC(Cl)(P(O)(O)=O)P(O)(O)=O,1,-1.995635195,0,"5,8,13,14,16"
214,Clofarabine,Clc1nc(N)c2ncn(c2n1)C1OC(CO)C(O)C1F,50,0,0,"5,8,13,14,16"
215,Clofazimine,Clc1ccc(N2C3=CC(=NC(C)C)C(Nc4ccc(Cl)cc4)=CC3=Nc3c2cccc3)cc1,57,0.1224064,1,"5,8,13,14,15,16"
216,Clofibrate,Clc1ccc(OC(C(OCC)=O)(C)C)cc1,95,1.278753601,1,"3,12,15,16"
217,Clomethiazole,ClCCc1scnc1C,25,-0.477121255,0,"5,8,13,14,16"
218,Clomifene,ClC(=C(c1ccc(OCCN(CC)CC)cc1)c1ccccc1)c1ccccc1,90,0.954242509,1,"5,8,13,14,16"
219,Clomipramine,Clc1cc2N(c3c(CCc2cc1)cccc3)CCCN(C)C,51,0.017374096,1,"5,8,13,14,16"
220,Clonazepam,Clc1ccccc1C1=NCC(=O)Nc2c1cc([N+](=O)[O-])cc2,98,1.69019608,1,"3,5,8,10,12,13,14,15,16"
221,Clonidine,Clc1cccc(Cl)c1N=C1NCCN1,95,1.278753601,1,"3,5,8,12,13,14,15,16"
222,Clopidogrel,Clc1ccccc1C(N1CCc2sccc2C1)C(OC)=O,50,0,0,"15,16"
223,Clorazepate,Clc1cc2c(NC(=O)C(N=C2c2ccccc2)C(O)=O)cc1,91,1.004798883,1,"5,8,12,13,14,16"
224,Clotrimazole,Clc1ccccc1C(n1ccnc1)(c1ccccc1)c1ccccc1,0,-2,0,"5,8,13,14,16"
225,Cloxacillin,Clc1ccccc1-c1noc(C)c1C(=O)NC1C2SC(C)(C)C(N2C1=O)C(O)=O,40,-0.176091259,0,"3,5,8,10,12,13,14,15,16"
226,Clozapine,Clc1cc2N=C(N3CCN(CC3)C)c3c(Nc2cc1)cccc3,55,0.087150176,1,"3,5,8,10,12,13,14,15,16"
227,COCAINE,O(C(=O)c1ccccc1)C1CC2N(C(CC2)C1C(OC)=O)C,57,0.1224064,1,"5,8,13,14,15,16"
228,Codeine,O1C2C34C(C(N(CC3)C)Cc3c4c1c(OC)cc3)C=CC2O,50,0,0,"3,5,8,12,13,14,15,16"
229,Colchicine,O(C)C1=CC=C2C(=CC1=O)C(NC(=O)C)CCc1c2c(OC)c(OC)c(OC)c1,50,0,0,"5,8,13,14,16"
230,Colistin,S(O)(=O)(=O)CNCCC1NC(=O)C(NC(=O)C(NC(=O)C(NC(=O)C(NC(=O)C(NC(=O)C(NC(=O)C(NC(=O)C(NC(=O)CCCCC(CC)C)CCNCS(O)(=O)=O)C(O)C)CCNCS(O)(=O)=O)CCNC(=O)C(NC1=O)C(O)C)CCNCS(O)(=O)=O)CC(C)C)CC(C)C)CCNCS(O)(=O)=O,0,-2,0,"5,8,13,14,16"
231,Conivaptan,O=C(N1CCc2nc([nH]c2-c2c1cccc2)C)c1ccc(NC(=O)c2ccccc2-c2ccccc2)cc1,42,-0.140178703,0,"5,8,10,13,14,16"
232,Cotinine,O=C1N(C)C(CC1)c1cccnc1,97,1.50965048,1,"5,8,10,13,14,16"
233,Coumarin,O1c2c(C=CC1=O)cccc2,3,-1.50965048,0,"5,8,13,14,16"
234,Cyclobenzaprine,N(CCC=C1c2c(C=Cc3c1cccc3)cccc2)(C)C,55,0.087150176,1,"5,8,12,13,14,16"
235,Cyclopenthiazide,Clc1cc2NC(NS(=O)(=O)c2cc1S(=O)(=O)N)CC1CCCC1,99,1.995635195,1,"5,8,13,14,16"
236,Cyclophosphamide,ClCCN(P1(OCCCN1)=O)CCCl,74,0.454258372,1,"3,5,8,10,12,13,14,15,16"
237,Cycloserine,O1NC(=O)C(N)C1,80,0.602059991,1,"5,8,13,14,15,16"
238,Cyclosporine,O=C1N(C)C(C(O)C(CC=CC)C)C(=O)NC(CC)C(=O)N(CC(=O)N(C)C(CC(C)C)C(=O)NC(C(C)C)C(=O)N(C)C(CC(C)C)C(=O)NC(C)C(=O)NC(C)C(=O)N(C)C(CC(C)C)C(=O)N(C)C(CC(C)C)C(=O)N(C)C1C(C)C)C,30,-0.367976785,0,"5,8,10,12,13,14,15,16"
239,Cyproterone,ClC=1C2=CC(=O)C3C(C3)C2(C2C(C3CCC(O)(C(=O)C)C3(CC2)C)C=1)C,99,1.995635195,1,"5,8,13,14,15,16"
240,Cytarabine,O1C(CO)C(O)C(O)C1N1C=CC(=NC1=O)N,20,-0.602059991,0,"5,8,13,14,15,16"
241,Dantrolene,o1c(ccc1C=NN1CC(=O)NC1=O)-c1ccc([N+](=O)[O-])cc1,70,0.367976785,1,"5,8,13,14,15,16"
242,Dapsone,S(=O)(=O)(c1ccc(N)cc1)c1ccc(N)cc1,93,1.123384909,1,"3,5,8,10,12,13,14,15,16"
243,Daptomycin,O1C(C)C(NC(=O)C(NC(=O)C(NC(=O)C(NC(=O)CCCCCCCCC)Cc2c3c([nH]c2)cccc3)CC(=O)N)CC(O)=O)C(=O)NCC(=O)NC(CCCN)C(=O)NC(CC(O)=O)C(=O)NC(C)C(=O)NC(CC(O)=O)C(=O)NCC(=O)NC(CO)C(=O)NC(C(CC(O)=O)C)C(=O)NC(CC(=O)c2ccccc2N)C1=O,0,-2,0,"5,8,13,14,16"
244,Darifenacin,O1CCc2cc(ccc12)CCN1CC(CC1)C(C(=O)N)(c1ccccc1)c1ccccc1,17,-0.688629171,0,"5,8,13,14,16"
245,Darunavir,S(=O)(=O)(N(CC(C)C)CC(O)C(NC(OC1C2CCOC2OC1)=O)Cc1ccccc1)c1ccc(N)cc1,37,-0.231138825,0,"5,8,12,13,14,16"
246,Dasatinib,Clc1cccc(C)c1NC(=O)c1sc(nc1)Nc1nc(nc(N2CCN(CC2)CCO)c1)C,15,-0.753327667,0,"5,8,13,14,16"
247,Deferasirox,O=C1C=CC=CC1=C1NC(NN1c1ccc(cc1)C(O)=O)=C1C=CC=CC1=O,70,0.367976785,1,"5,8,13,14,16"
248,Deferoxamine,O=C(N(O)CCCCCNC(=O)CCC(=O)N(O)CCCCCN)CCC(=O)NCCCCCN(O)C(=O)C,5,-1.278753601,0,"15,16"
249,Deflazacort,O1C2CC3C4C(C5(C(=CC(=O)C=C5)CC4)C)C(O)CC3(C)C2(N=C1C)C(=O)COC(=O)C,68,0.327358934,1,"5,8,13,14,16"
250,Delapril,O(C(=O)C(NC(C(=O)N(CC(O)=O)C1Cc2c(C1)cccc2)C)CCc1ccccc1)CC,55,0.087150176,1,"5,8,13,14,16"
251,Delavirdine,S(=O)(=O)(Nc1cc2cc([nH]c2cc1)C(=O)N1CCN(CC1)c1ncccc1NC(C)C)C,85,0.753327667,1,"5,8,12,13,14,15,16"
252,Demeclocycline,Clc1c2c(C(=O)C=3C(CC4C(O)(C(=O)C(C(=O)N)=C(O)C4N(C)C)C=3O)C2O)c(O)cc1,66,0.288065018,1,"5,8,13,14,15,16"
253,Depamide,O=C(N)C(CCC)CCC,68,0.327358934,1,"5,8,13,14,16"
254,Desipramine,N(CCCN1c2c(CCc3c1cccc3)cccc2)C,82.5,0.6734159,1,"5,8,10,12,13,14,15,16"
255,Desmopressin,S1SCCC(=O)NC(Cc2ccc(O)cc2)C(=O)NC(Cc2ccccc2)C(=O)NC(CCC(=O)N)C(=O)NC(CC(=O)N)C(=O)NC(C1)C(=O)N1CCCC1C(=O)NC(CCCN=C(N)N)C(=O)NCC(=O)N,15,-0.753327667,0,"5,8,13,14,15,16"
256,Desogestrel,OC1(CCC2C3C(C4C(CC3)=CCCC4)C(CC12CC)=C)C#C,5,-1.278753601,0,"5,8,13,14,16"
257,Dexfenfluramine,FC(F)(F)c1cc(ccc1)CC(NCC)C,89,0.907997321,1,"5,8,13,14,15,16"
258,Dexloxiglumide,Clc1cc(ccc1Cl)C(=O)NC(CCC(O)=O)C(=O)N(CCCCC)CCCOC,48,-0.034762106,0,"10,16"
259,Dextroamphetamine,NC(Cc1ccccc1)C,75,0.477121255,1,"5,8,13,14,16"
260,Dextromethorphan,O(C)c1cc2C34C(C(N(CC3)C)Cc2cc1)CCCC4,11,-0.907997321,0,"5,8,13,14,16"
261,Dextromoramide,O1CCN(CC1)CC(C(C(=O)N1CCCC1)(c1ccccc1)c1ccccc1)C,99,1.995635195,1,"5,8,13,14,16"
262,Dextrose,O1C(CO)C(O)C(O)C(O)C1O,99,1.995635195,1,"5,8,13,14,16"
263,Diacetolol,O(CC(O)CNC(C)C)c1ccc(NC(=O)C)cc1C(=O)C,35,-0.268845312,0,"5,8,13,14,16"
264,Diacetylmorphine,O1C2C34C(C(N(CC3)C)Cc3c4c1c(OC(=O)C)cc3)C=CC2OC(=O)C,1,-1.995635195,0,"5,8,13,14,16"
265,Diatrizoate,Ic1c(C(O)=O)c(I)c(NC(=O)C)c(I)c1NC(=O)C,5,-1.278753601,0,"15,16"
266,Diazepam,Clc1cc2c(N(C)C(=O)CN=C2c2ccccc2)cc1,99,1.995635195,1,"3,5,8,10,12,13,14,15,16"
267,Diazoxide,Clc1cc2S(=O)(=O)NC(=Nc2cc1)C,90,0.954242509,1,"5,8,10,12,13,14,15,16"
268,Diclofenac,Clc1cc(Cl)ccc1Nc1ccccc1CC(O)=O,54,0.069635928,1,"5,8,10,12,13,14,15,16"
269,Dicloxacillin,Clc1cccc(Cl)c1-c1noc(C)c1C(=O)NC1C2SC(C)(C)C(N2C1=O)C(O)=O,67.5,0.317420412,1,"5,8,10,12,13,14,15,16"
270,Didanosine,O1C(CCC1n1c2N=CNC(=O)c2nc1)CO,38,-0.212608093,0,"5,8,10,12,13,14,15,16"
271,Dienogest,OC1(CCC2C3C(=C4C(=CC(=O)CC4)CC3)CCC12C)CC#N,94,1.194976603,1,"5,8,13,14,16"
272,Diflunisal,Fc1cc(F)ccc1-c1cc(C(O)=O)c(O)cc1,85,0.753327667,1,"3,5,8,12,13,14,15,16"
273,Digitoxin,O1C(C)C(OC2OC(C)C(O)C(O)C2)C(O)CC1OC1C(OC(OC2CC3CCC4C(CCC5(C)C(CCC45O)C4=CC(OC4)=O)C3(CC2)C)CC1O)C,95,1.278753601,1,"3,5,8,12,13,14,15,16"
274,Digoxin,O1C(C)C(OC2OC(C)C(O)C(O)C2)C(O)CC1OC1C(OC(OC2CC3CCC4C(CC(O)C5(C)C(CCC45O)C4=CC(OC4)=O)C3(CC2)C)CC1O)C,70,0.367976785,1,"3,5,8,10,12,13,14,15,16"
275,Dihydrocodeine,O1C2C34C(C(N(CC3)C)Cc3c4c1c(OC)cc3)CCC2O,20,-0.602059991,0,"5,8,13,14,15,16"
276,Dihydroergosine,O1C(NC(=O)C2CC3C(N(C2)C)Cc2c4c3cccc4[nH]c2)(C)C(=O)N2C(CC(C)C)C(=O)N3C(CCC3)C12O,10,-0.954242509,0,"3,5,8,13,14,16"
277,Dihydroergotamine,O1C(NC(=O)C2CC3C(N(C2)C)Cc2c4c3cccc4[nH]c2)(C)C(=O)N2C(Cc3ccccc3)C(=O)N3C(CCC3)C12O,1,-1.995635195,0,"5,8,13,14,16"
278,Dilevalol,Oc1ccc(cc1C(=O)C)C(O)CNC(CCc1ccccc1)C,12,-0.865301426,0,"5,8,13,14,16"
279,Diloxanide,ClC(Cl)C(=O)N(C)c1ccc(O)cc1,90,0.954242509,1,"5,8,13,14,15,16"
280,Diltiazem,S1c2c(N(CCN(C)C)C(=O)C(OC(=O)C)C1c1ccc(OC)cc1)cccc2,38,-0.212608093,0,"3,5,8,10,12,13,14,15,16"
281,Dimercaprol,SC(CO)CS,0,-2,0,"5,8,13,14,16"
282,Diphenhydramine,O(C(c1ccccc1)c1ccccc1)CCN(C)C,72,0.410174465,1,"3,5,8,12,13,14,15,16"
283,Diprophylline,O=C1N(C)C(=O)N(c2ncn(c12)CC(O)CO)C,90,0.954242509,1,"5,8,10,13,14,16"
284,Dipyridamole,OCCN(CCO)c1nc(N2CCCCC2)c2nc(nc(N3CCCCC3)c2n1)N(CCO)CCO,50,0,0,"5,8,13,14,15,16"
285,Dirithromycin,O1C(CC)C(O)(C2OC(NC(C2C)C(CC(O)(C)C(OC2OC(CC(N(C)C)C2O)C)C(C)C(OC2OC(C)C(O)C(OC)(C2)C)C(C)C1=O)C)COCCOC)C,10,-0.954242509,0,"5,8,13,14,15,16"
286,Disopyramide,O=C(N)C(CCN(C(C)C)C(C)C)(c1ccccc1)c1ncccc1,83,0.688629171,1,"5,8,10,12,13,14,15,16"
287,Distigmine,O(C(=O)N(CCCCCCN(C(Oc1ccc[n+](c1)C)=O)C)C)c1ccc[n+](c1)C,8,-1.06069784,0,"5,8,13,14,16"
288,Disulfiram,S(SC(=S)N(CC)CC)C(=S)N(CC)CC,80,0.602059991,1,"5,8,13,14,16"
289,Docetaxel,O1C2CC(O)C3(C(C(OC(=O)c4ccccc4)C4(O)CC(OC(=O)C(O)C(NC(OC(C)(C)C)=O)c5ccccc5)C(=C(C4(C)C)C(O)C3=O)C)C2(OC(=O)C)C1)C,0,-2,0,"5,8,13,14,16"
290,Docosanol,OCCCCCCCCCCCCCCCCCCCCCC,0,-2,0,"5,8,13,14,16"
291,Dofetilide,S(=O)(=O)(Nc1ccc(cc1)CCN(CCOc1ccc(NS(=O)(=O)C)cc1)C)C,96,1.380211242,1,"5,8,10,12,13,14,15,16"
292,Dolasetron,O(C(=O)c1c2c([nH]c1)cccc2)C1CC2N3CC(=O)C(C2)CC3C1,75,0.477121255,1,"5,8,12,13,14,15,16"
293,Domperidone,Clc1cc2NC(=O)N(c2cc1)C1CCN(CC1)CCCN1c2c(NC1=O)cccc2,15,-0.753327667,0,"3,5,8,10,13,14,16"
294,Donepezil,O(C)c1cc2c(CC(CC3CCN(CC3)Cc3ccccc3)C2=O)cc1OC,99,1.995635195,1,"5,8,13,14,15,16"
295,Dosulepin,S1Cc2c(cccc2)C(c2c1cccc2)=CCCN(C)C,30,-0.367976785,0,"5,8,13,14,16"
296,dOTC,S1C(OCC1N1C=CC(=NC1=O)N)CO,80,0.602059991,1,"5,8,13,14,16"
297,Doxapram,O1CCN(CC1)CCC1CN(CC)C(=O)C1(c1ccccc1)c1ccccc1,64,0.249877473,1,"3,5,8,10,13,14,16"
298,Doxepin,O1Cc2c(cccc2)C(c2c1cccc2)=CCCN(C)C,30,-0.367976785,0,"5,8,12,13,14,15,16"
299,Doxifluridine,FC1=CN(C2OC(C)C(O)C2O)C(=O)NC1=O,40,-0.176091259,0,"10,16"
300,DOXORUBICIN,O1C(C)C(O)C(N)CC1OC1CC(O)(Cc2c1c(O)c1c(C(=O)c3c(C1=O)c(OC)ccc3)c2O)C(=O)CO,5,-1.278753601,0,"5,8,10,13,14,15,16"
301,Doxycycline,OC12C(C(N(C)C)C(O)=C(C(=O)N)C1=O)C(O)C1C(=C2O)C(=O)c2c(cccc2O)C1C,93,1.123384909,1,"3,5,8,10,12,13,14,15,16"
302,Doxylamine,O(C(C)(c1ccccc1)c1ncccc1)CCN(C)C,24.700001,-0.484098,0,"5,8,13,14,16"
303,Droperidol,Fc1ccc(cc1)C(=O)CCCN1CCC(N2c3c(NC2=O)cccc3)=CC1,75,0.477121255,1,"5,8,13,14,16"
304,Drospirenone,O1C2(C3C(C4C5C(CCC24C)C2(C(=CC(=O)CC2)C2C5C2)C)C3)CCC1=O,76,0.500602351,1,"3,5,8,13,14,16"
305,Drotaverine,O(CC)c1cc(ccc1OCC)C=C1NCCc2cc(OCC)c(OCC)cc12,58,0.140178703,1,"5,8,10,13,14,16"
306,Droxidopa,Oc1cc(ccc1O)C(O)C(N)C(O)=O,90,0.954242509,1,"5,8,13,14,16"
307,Duloxetine,s1cccc1C(Oc1c2c(ccc1)cccc2)CCNC,50,0,0,"5,8,12,13,14,16"
308,Dutasteride,FC(F)(F)c1ccc(cc1NC(=O)C1CCC2C3C(CCC12C)C1(C(NC(=O)C=C1)CC3)C)C(F)(F)F,60,0.176091259,1,"3,5,8,12,13,14,16"
309,Dydrogesterone,O=C1CCC2(C3C(C4CCC(C(=O)C)C4(CC3)C)C=CC2=C1)C,28,-0.410174465,0,"5,8,13,14,16"
310,Edrophonium,Oc1cc([N+](CC)(C)C)ccc1,0,-2,0,"5,8,13,14,16"
311,Efavirenz,Clc1cc2c(NC(OC2(C#CC2CC2)C(F)(F)F)=O)cc1,42.5,-0.131278915,0,"5,8,13,14,16"
312,Eflornithine,FC(F)C(N)(CCCN)C(O)=O,55,0.087150176,1,"5,8,13,14,15,16"
313,Emedastine,O(CCn1c2c(nc1N1CCCN(CC1)C)cccc2)CC,50,0,0,"5,8,13,14,16"
314,Emepronium,CC[N+](C)(C)C(C)CC(C1=CC=CC=C1)C2=CC=CC=C2,1,-1.995635195,0,"5,8,13,14,16"
315,Enalapril,O(C(=O)C(NC(C(=O)N1CCCC1C(O)=O)C)CCc1ccccc1)CC,63.5,0.240480861,1,"3,5,8,12,13,14,15,16"
316,Enalaprilat,OC(=O)C1N(CCC1)C(=O)C(NC(CCc1ccccc1)C(O)=O)C,40,-0.176091259,0,"5,8,10,13,14,16"
317,Encainide,O(C)c1ccc(cc1)C(=O)Nc1ccccc1CCC1N(CCCC1)C,27,-0.431959096,0,"5,8,10,12,13,14,15,16"
318,Endralazine,O=C(N1CC2=CC(NN=C2CC1)=NN)c1ccccc1,75,0.477121255,1,"3,5,8,13,14,16"
319,Enoxacin,Fc1cc2c(nc1N1CCNCC1)N(C=C(C(O)=O)C2=O)CC,87,0.8255759,1,"5,8,13,14,15,16"
320,Entacapone,Oc1c([N+](=O)[O-])cc(cc1O)C=C(C(=O)N(CC)CC)C#N,42,-0.140178703,0,"5,8,10,12,13,14,15,16"
321,Entecavir,OC1CC(n2c3NC(=NC(=O)c3nc2)N)C(=C)C1CO,99,1.995635195,1,"5,8,13,14,16"
322,Epanolol,O(CC(O)CNCCNC(=O)Cc1ccc(O)cc1)c1ccccc1C#N,8,-1.06069784,0,"5,8,13,14,16"
323,Eplerenone,O1C2(CCC1=O)CCC1C3C4(OC4CC12C)C1(C(CC3C(OC)=O)=CC(=O)CC1)C,69,0.347487397,1,"5,8,13,14,16"
324,Epristeride,OC(=O)C=1CCC2(C3C(C4CCC(C(=O)NC(C)(C)C)C4(CC3)C)CC=C2C=1)C,93,1.123384909,1,"10,16"
325,Eprosartan,s1cccc1CC(=Cc1n(Cc2ccc(cc2)C(O)=O)c(nc1)CCCC)C(O)=O,13,-0.8255759,0,"5,8,10,13,14,15,16"
326,Eproxindine,O(C)c1c2c(n(c1C(=O)NCC(O)CN(CC)CC)-c1ccccc1)cccc2,70,0.367976785,1,"3,5,8,13,14,16"
327,Eptifibatide,S1SCCC(=O)NC(CCCCNC(N)=N)C(=O)NCC(=O)NC(CC(O)=O)C(=O)NC(Cc2c3c([nH]c2)cccc3)C(=O)N2C(CCC2)C(=O)NC(C1)C(=O)N,0,-2,0,"5,8,13,14,16"
328,Ergoloid mesylate,O1C(NC(=O)C2CC3C(N(C2)C)Cc2c4c3cccc4[nH]c2)(C(C)C)C(=O)N2C(C(CC)(C)C)C(=O)N3C(CCC3)C12O,25,-0.477121255,0,"5,8,13,14,16"
329,Ergonovine,OCC(NC(=O)C1C=C2C(N(C1)C)Cc1c3c2cccc3[nH]c1)C,50,0,0,"5,8,13,14,16"
330,Ergotamine,O1C(NC(=O)C2C=C3C(N(C2)C)Cc2c4c3cccc4[nH]c2)(C)C(=O)N2C(Cc3ccccc3)C(=O)N3C(CCC3)C12O,2,-1.69019608,0,"5,8,13,14,16"
331,Erlotinib,O(CCOC)c1cc2c(ncnc2Nc2cc(ccc2)C#C)cc1OCCOC,59,0.158068155,1,"5,8,12,13,14,16"
332,Erythromycin,O1C(CC)C(O)(C)C(O)C(C)C(=O)C(CC(O)(C)C(OC2OC(CC(N(C)C)C2O)C)C(C)C(OC2OC(C)C(O)C(OC)(C2)C)C(C)C1=O)C,35,-0.268845312,0,"3,5,8,10,12,13,14,15,16"
333,Esomeprazole,S(=O)(Cc1ncc(C)c(OC)c1C)c1[nH]c2cc(OC)ccc2n1,53,0.052178012,1,"3,5,8,13,14,16"
334,Estazolam,Clc1cc2c(-n3c(nnc3)CN=C2c2ccccc2)cc1,93,1.123384909,1,"5,8,13,14,16"
335,Estradiol,OC1CCC2C3C(CCC12C)c1c(cc(O)cc1)CC3,5,-1.278753601,0,"5,8,13,14,15,16"
336,Estradiol_17-valerate,O(C(=O)CCCC)C1CCC2C3C(CCC12C)c1c(cc(O)cc1)CC3,3,-1.50965048,0,"5,8,13,14,16"
337,Estramustine phosphate,ClCCN(CCCl)C(Oc1cc2CCC3C4CCC(OP(O)(O)=O)C4(CCC3c2cc1)C)=O,43.7,-0.110026958,0,"10,16"
338,Ethacrynic acid,Clc1c(Cl)c(OCC(O)=O)ccc1C(=O)C(CC)=C,99,1.995635195,1,"15,16"
339,Ethambutol,OCC(NCCNC(CC)CO)CC,77,0.524762889,1,"3,5,8,12,13,14,15,16"
340,Ethanol,OCC,80,0.602059991,1,"5,8,13,14,15,16"
341,Ethinylestradiol,OC1(CCC2C3C(CCC12C)c1c(cc(O)cc1)CC3)C#C,40,-0.176091259,0,"5,8,13,14,15,16"
342,Ethionamide,S=C(N)c1cc(ncc1)CC,80,0.602059991,1,"5,8,13,14,15,16"
343,Ethopropazine,S1c2c(N(c3c1cccc3)CC(N(CC)CC)C)cccc2,5,-1.278753601,0,"5,8,13,14,16"
344,Ethosuximide,O=C1NC(=O)CC1(CC)C,93,1.123384909,1,"5,8,13,14,15,16"
345,Ethoxzolamide,s1c2cc(OCC)ccc2nc1S(=O)(=O)N,65,0.268845312,1,"5,8,13,14,16"
346,Etidocaine,O=C(Nc1c(cccc1C)C)C(N(CCC)CC)CC,0,-2,0,"5,8,13,14,16"
347,Etidronic Acid,P(O)(O)(=O)C(P(O)(O)=O)(O)C,5,-1.278753601,0,"5,8,13,14,15,16"
348,Etilefrine,Oc1cc(ccc1)C(O)CNCC,55,0.087150176,1,"10,16"
349,Etodolac,O1CCc2c([nH]c3c2cccc3CC)C1(CC(O)=O)CC,90,0.954242509,1,"5,8,13,14,15,16"
350,Etofylline,O=C1N(C)C(=O)N(c2ncn(c12)CCO)C,80,0.602059991,1,"5,8,13,14,16"
351,Etoposide,O1C2C(OC(OC2)C)C(O)C(O)C1OC1C2C(C(c3c1cc1OCOc1c3)c1cc(OC)c(O)c(OC)c1)C(OC2)=O,52,0.034762106,1,"5,8,10,12,13,14,15,16"
352,Etoricoxib,Clc1cc(c(nc1)-c1ccc(nc1)C)-c1ccc(S(=O)(=O)C)cc1,99,1.995635195,1,"5,8,13,14,16"
353,Etretinate,O(C)c1cc(C)c(C=CC(=CC=CC(=CC(OCC)=O)C)C)c(C)c1C,40,-0.176091259,0,"5,8,13,14,16"
354,Exemestane,O=C1CCC2C3C(CCC12C)C1(C(=CC(=O)C=C1)C(C3)=C)C,42,-0.140178703,0,"5,8,13,14,16"
355,Ezetimibe,Fc1ccc(cc1)C(O)CCC1C(N(C1=O)c1ccc(F)cc1)c1ccc(O)cc1,50,0,0,"5,8,13,14,16"
356,Famciclovir,O(C(=O)C)CC(CCn1c2nc(ncc2nc1)N)COC(=O)C,77,0.524762889,1,"3,5,8,13,14,16"
357,Famotidine,s1cc(nc1N=C(N)N)CSCCC(=NS(=O)(=O)N)N,42,-0.140178703,0,"5,8,12,13,14,15,16"
358,Felbamate,O(CC(COC(=O)N)c1ccccc1)C(=O)N,90,0.954242509,1,"5,8,12,13,14,15,16"
359,Felodipine,Clc1c(cccc1Cl)C1C(C(OCC)=O)=C(NC(C)=C1C(OC)=O)C,15,-0.753327667,0,"5,8,10,12,13,14,15,16"
360,Femoxetine,O(CC1CN(CCC1c1ccccc1)C)c1ccc(OC)cc1,8,-1.06069784,0,"5,8,13,14,16"
361,Fenbufen,OC(=O)CCC(=O)c1ccc(cc1)-c1ccccc1,78,0.549671922,1,"5,8,13,14,16"
362,Fenflumizole,Fc1cc(F)ccc1-c1[nH]c(c(n1)-c1ccc(OC)cc1)-c1ccc(OC)cc1,50,0,0,"3,5,8,13,14,16"
363,Fenoldopam,Clc1c2c(cc(O)c1O)C(CNCC2)c1ccc(O)cc1,6,-1.194976603,0,"5,8,13,14,16"
364,Fenoterol,Oc1cc(cc(O)c1)CC(O)NC(Cc1ccc(O)cc1)C,2,-1.69019608,0,"5,8,13,14,16"
365,Fenspiride,O1C2(CCN(CC2)CCc2ccccc2)CNC1=O,90,0.954242509,1,"5,8,10,13,14,16"
366,Fentanyl,O=C(N(C1CCN(CC1)CCc1ccccc1)c1ccccc1)CC,1,-1.995635195,0,"5,8,13,14,15,16"
367,Fexofenadine,OC(C1CCN(CC1)CCCC(O)c1ccc(cc1)C(C(O)=O)(C)C)(c1ccccc1)c1ccccc1,70,0.367976785,1,"15,16"
368,Finasteride,O=C1NC2CCC3C4CCC(C(=O)NC(C)(C)C)C4(CCC3C2(C=C1)C)C,63,0.231138825,1,"5,8,10,12,13,14,15,16"
369,Flecainide,FC(F)(F)COc1ccc(OCC(F)(F)F)cc1C(=O)NCC1NCCCC1,95,1.278753601,1,"5,8,10,12,13,14,15,16"
370,Fleroxacin,Fc1c2N(C=C(C(O)=O)C(=O)c2cc(F)c1N1CCN(CC1)C)CCF,99,1.995635195,1,"10,16"
371,Floxuridine,FC1=CN(C2OC(CO)C(O)C2)C(=O)NC1=O,90,0.954242509,1,"5,8,13,14,16"
372,FLUCLOXACILLIN,Clc1cccc(F)c1-c1noc(C)c1C(=O)NC1C2SC(C)(C)C(N2C1=O)C(O)=O,60,0.176091259,1,"3,5,8,13,14,15,16"
373,Fluconazole,Fc1cc(F)ccc1C(O)(Cn1ncnc1)Cn1ncnc1,90,0.954242509,1,"5,8,10,12,13,14,15,16"
374,Flucytosine,FC1=CNC(=O)N=C1N,84,0.720159303,1,"3,5,8,10,12,13,14,15,16"
375,Fludarabine,P(OCC1OC(n2c3nc(F)nc(N)c3nc2)C(O)C1O)(O)(O)=O,57.5,0.131278915,1,"15,16"
376,Flumazenil,Fc1cc2c(-n3c(CN(C)C2=O)c(nc3)C(OCC)=O)cc1,16,-0.720159303,0,"5,8,10,13,14,16"
377,Flunisolide,FC1C2=CC(=O)C=CC2(C2C(C3CC4OC(OC4(C(=O)CO)C3(CC2O)C)(C)C)C1)C,6.7,-1.143806841,0,"3,5,8,13,14,15,16"
378,Flunitrazepam,Fc1ccccc1C1=NCC(=O)N(c2c1cc([N+](=O)[O-])cc2)C,80,0.602059991,1,"5,8,12,13,14,15,16"
379,Fluocortolone,FC1C2=CC(=O)C=CC2(C2C(C3CC(C)C(C(=O)CO)C3(CC2O)C)C1)C,90,0.954242509,1,"3,5,8,13,14,16"
380,Fluorescein,O1C2(c3c(cccc3)C1=O)c1c(Oc3c2ccc(O)c3)cc(O)cc1,99,1.995635195,1,"5,8,13,14,16"
381,FLUOROURACIL,FC1=CNC(=O)NC1=O,28,-0.410174465,0,"5,8,13,14,15,16"
382,Fluoxetine,FC(F)(F)c1ccc(OC(CCNC)c2ccccc2)cc1,60,0.176091259,1,"5,8,12,13,14,15,16"
383,Fluoxymesterone,FC12C(C3CCC(O)(C)C3(CC1O)C)CCC1=CC(=O)CCC12C,99,1.995635195,1,"5,8,13,14,16"
384,Flupenthixol,S1c2c(cc(cc2)C(F)(F)F)C(c2c1cccc2)=CCCN1CCN(CC1)CCO,50,0,0,"5,8,13,14,16"
385,Fluphenazine,S1c2c(N(c3c1cccc3)CCCN1CCN(CC1)CCO)cc(cc2)C(F)(F)F,2.7,-1.556749076,0,"3,5,8,12,13,14,16"
386,Flupirtine,Fc1ccc(cc1)CNc1nc(N)c(NC(OCC)=O)cc1,90,0.954242509,1,"5,8,10,13,14,16"
387,Flurazepam,Clc1cc2c(N(CCN(CC)CC)C(=O)CN=C2c2ccccc2F)cc1,83,0.688629171,1,"5,8,13,14,15,16"
388,Flurbiprofen,Fc1cc(ccc1-c1ccccc1)C(C(O)=O)C,92,1.06069784,1,"5,8,12,13,14,15,16"
389,Flutamide,FC(F)(F)c1cc(NC(=O)C(C)C)ccc1[N+](=O)[O-],90,0.954242509,1,"5,8,13,14,16"
390,Fluticasone_propionate,S(C(=O)C1(OC(=O)CC)C2(CC(O)C3(F)C(C2CC1C)CC(F)C1=CC(=O)C=CC13C)C)CF,1,-1.995635195,0,"5,8,13,14,16"
391,Fluvastatin,Fc1ccc(cc1)-c1c2c(n(C(C)C)c1C=CC(O)CC(O)CC(O)=O)cccc2,24,-0.500602351,0,"3,5,8,10,12,13,14,15,16"
392,Fluvoxamine,FC(F)(F)c1ccc(cc1)C(=NOCCN)CCCCOC,53,0.052178012,1,"5,8,12,13,14,15,16"
393,Folic Acid,O=C1NC(=Nc2ncc(nc12)CNc1ccc(cc1)C(=O)NC(CCC(O)=O)C(O)=O)N,75,0.477121255,1,"5,8,13,14,16"
394,Folinic acid,O=C1N=C(NC=2NCC(N(C1=2)C=O)CNc1ccc(cc1)C(=O)NC(CCC(O)=O)C(O)=O)N,4,-1.380211242,0,"10,16"
395,Foscarnet,P(O)(O)(=O)C(O)=O,9,-1.004798883,0,"5,8,10,13,14,15,16"
396,Fosfomycin,P(O)(O)(=O)C1OC1C,31,-0.347487397,0,"5,8,10,12,13,14,15,16"
397,Fosinopril,P(OC(OC(=O)CC)C(C)C)(=O)(CCCCc1ccccc1)CC(=O)N1CC(CC1C(O)=O)C1CCCCC1,34,-0.288065018,0,"5,8,13,14,15,16"
398,Frovatriptan,O=C(N)c1cc2c3CC(NC)CCc3[nH]c2cc1,27,-0.431959096,0,"5,8,10,13,14,16"
399,Fructose,O1CC(O)C(O)C(O)C1(O)CO,50,0,0,"5,8,13,14,16"
400,Furosemide,Clc1cc(NCc2occc2)c(C(O)=O)c(S(=O)(=O)N)c1,71,0.388860351,1,"5,8,10,12,13,14,15,16"
401,Fusidic acid,O(C(=O)C)C1CC2(C(CC(O)C3C2(CCC2C(C)C(O)CCC23C)C)C1=C(CCC=C(C)C)C(O)=O)C,91,1.004798883,1,"5,8,13,14,15,16"
402,Gabapentin,OC(=O)CC1(CCCCC1)CN,60,0.176091259,1,"3,5,8,10,12,13,14,15,16"
403,Galantamine,O1c2c3C4(C1CC(O)C=C4)CCN(Cc3ccc2OC)C,99,1.995635195,1,"5,8,12,13,14,16"
404,Ganciclovir,O=C1NC(=Nc2n(cnc12)COC(CO)CO)N,4,-1.380211242,0,"5,8,10,12,13,14,15,16"
405,Gatifloxacin,Fc1cc2c(N(C=C(C(O)=O)C2=O)C2CC2)c(OC)c1N1CC(NCC1)C,96,1.380211242,1,"5,8,10,13,14,15,16"
406,Gefitinib,Clc1cc(Nc2ncnc3c2cc(OCCCN2CCOCC2)c(OC)c3)ccc1F,60,0.176091259,1,"3,5,8,13,14,16"
407,Gemfibrozil,O(CCCC(C(O)=O)(C)C)c1cc(ccc1C)C,98,1.69019608,1,"5,8,12,13,14,15,16"
408,Genaconazole,S(=O)(=O)(C(C(O)(Cn1ncnc1)c1ccc(F)cc1F)C)C,99,1.995635195,1,"5,8,10,13,14,16"
409,Gentamicin_C1a,O1C(OC2C(O)C(OC3OCC(O)(C)C(NC)C3O)C(N)CC2N)C(N)CCC1CC,0,-2,0,"5,8,13,14,16"
410,Gestodene,OC1(C=CC2C3C(C4C(=CC(=O)CC4)CC3)CCC12CC)C#C,93,1.123384909,1,"5,8,13,14,16"
411,Ginkgolide A,O1C2CC34C56C(OC(=O)C5O)OC3(C2(O)C(C)C1=O)C(OC4CC6C(C)(C)C)=O,80,0.602059991,1,"10,16"
412,Ginkgolide B,O1C2C(O)(C34OC5OC(=O)C(O)C56C3(C(OC4=O)CC6C(C)(C)C)C2O)C(C)C1=O,88,0.865301426,1,"10,16"
413,Gliclazide,S(=O)(=O)(NC(=O)NN1CC2C(CCC2)C1)c1ccc(cc1)C,97,1.50965048,1,"5,8,13,14,16"
414,Glimepiride,S(=O)(=O)(NC(=O)NC1CCC(CC1)C)c1ccc(cc1)CCNC(=O)N1CC(C)=C(CC)C1=O,99,1.995635195,1,"3,5,8,10,12,13,14,16"
415,Glipizide,S(=O)(=O)(NC(=O)NC1CCCCC1)c1ccc(cc1)CCNC(=O)c1ncc(nc1)C,95,1.278753601,1,"3,5,8,10,12,13,14,15,16"
416,Glucosamine,O1C(CO)C(O)C(O)C(N)C1O,26,-0.454258372,0,"5,8,13,14,15,16"
417,Glyburide (Glibenclamide),COC1=C(C=C(C=C1)Cl)C(=O)NCCC2=CC=C(C=C2)S(=O)(=O)NC(=O)NC3CCCCC3,82,0.658541347,1,"12,15,16"
418,Glycopyrrolate,O(C(=O)C(O)(C1CCCC1)c1ccccc1)C1CC[N+](C1)(C)C,17,-0.688629171,0,"5,8,13,14,16"
419,Granisetron,O=C(NC1CC2N(C(C1)CCC2)C)c1nn(c2c1cccc2)C,60,0.176091259,1,"3,5,8,10,12,13,14,15,16"
420,Grepafloxacin,Fc1c(c2c(N(C=C(C(O)=O)C2=O)C2CC2)cc1N1CC(NCC1)C)C,70,0.367976785,1,"5,8,13,14,15,16"
421,Griseofulvin,Clc1c2OC3(C(CC(=O)C=C3OC)C)C(=O)c2c(OC)cc1OC,47.5,-0.043465694,0,"5,8,13,14,16"
422,Guanabenz,Clc1cccc(Cl)c1C=NN=C(N)N,75,0.477121255,1,"5,8,13,14,15,16"
423,Guanadrel,O1C(COC12CCCCC2)CN=C(N)N,85,0.753327667,1,"5,8,13,14,16"
424,Guanethidine,N(CCN1CCCCCCC1)C(N)=N,20,-0.602059991,0,"5,8,13,14,16"
425,Guanfacine,Clc1cccc(Cl)c1CC(=O)N=C(N)N,81,0.629731418,1,"5,8,10,13,14,15,16"
426,Halofantrine,Clc1cc(Cl)cc2c1cc(c1c2cc(cc1)C(F)(F)F)C(O)CCN(CCCC)CCCC,6.3000002,-1.172399027,0,"5,8,13,14,16"
427,Haloperidol,Clc1cc(ccc1)C1(O)CCN(CC1)CCCC(=O)c1ccc(F)cc1,60,0.176091259,1,"3,5,8,10,12,13,14,15,16"
428,Hesperetin,O1c2c(C(=O)CC1c1cc(O)c(OC)cc1)c(O)cc(O)c2,20,-0.602059991,0,"5,8,13,14,16"
429,Hexobarbital,CN1C(=O)NC(=O)C(C)(C2=CCCCC2)C1=O,95,1.278753601,1,"5,8,12,13,14,15,16"
430,Homocysteine,SCCC(N)C(O)=O,53,0.052178012,1,"5,8,13,14,16"
431,Hydralazine,n1ncc2c(cccc2)c1NN,23,-0.524762889,0,"5,8,12,13,14,15,16"
432,Hydrochlorothiazide,Clc1cc2NCNS(=O)(=O)c2cc1S(=O)(=O)N,71,0.388860351,1,"3,5,8,12,13,14,15,16"
433,Hydrocodone,O1C2C34C(C(N(CC3)C)Cc3c4c1c(OC)cc3)CCC2=O,80,0.602059991,1,"5,8,13,14,16"
434,Hydroflumethiazide,S(=O)(=O)(N)c1cc2S(=O)(=O)NCNc2cc1C(F)(F)F,50,0,0,"5,8,13,14,16"
435,Hydromorphone,O1C2C34C(C(N(CC3)C)Cc3c4c1c(O)cc3)CCC2=O,42,-0.140178703,0,"3,5,8,12,13,14,15,16"
436,Hydroxychloroquine,Clc1cc2nccc(NC(CCCN(CCO)CC)C)c2cc1,74,0.454258372,1,"5,8,12,13,14,15,16"
437,Hydroxyurea,O=C(NO)N,79,0.575407797,1,"5,8,10,12,13,14,16"
438,Hydroxyzine,Clc1ccc(cc1)C(N1CCN(CC1)CCOCCO)c1ccccc1,80,0.602059991,1,"5,8,13,14,16"
439,Hypericin,Oc1c2c3c(c4c5c(C(=O)c6c7c(c8c(c(C2=O)c(O)cc8O)c3c57)c(O)cc6O)c(O)cc4C)c(c1)C,20,-0.602059991,0,"5,8,13,14,16"
440,Ibandronate,P(O)(O)(=O)C(P(O)(O)=O)(O)CCN(CCCCC)C,1,-1.995635195,0,"5,8,12,13,14,16"
441,Ibuprofen,OC(=O)C(C)c1ccc(cc1)CC(C)C,85,0.753327667,1,"3,5,8,10,12,13,14,15,16"
442,Ibutilide,S(=O)(=O)(Nc1ccc(cc1)C(O)CCCN(CCCCCCC)CC)C,8,-1.06069784,0,"5,8,13,14,16"
443,Idarubicin,O1C(C)C(O)C(N)CC1OC1CC(O)(Cc2c1c(O)c1c(C(=O)c3c(cccc3)C1=O)c2O)C(=O)C,28,-0.410174465,0,"3,5,8,13,14,15,16"
444,Idazoxan,O1c2c(OCC1C=1NCCN=1)cccc2,34,-0.288065018,0,"10,16"
445,Ifosfamide,ClCCN1P(OCCC1)(=O)NCCCl,92,1.06069784,1,"5,8,10,13,14,15,16"
446,Iloprost,OC1CC2C(CC(C2)=CCCCC(O)=O)C1C=CC(O)C(CC#CC)C,16,-0.720159303,0,"5,8,13,14,16"
447,Imatinib,O=C(Nc1cc(Nc2nc(ccn2)-c2cccnc2)c(cc1)C)c1ccc(cc1)CN1CCN(CC1)C,98,1.69019608,1,"5,8,12,13,14,16"
448,Imidapril,O=C1N(C(=O)C(NC(CCc2ccccc2)C(OCC)=O)C)C(CN1C)C(O)=O,20,-0.602059991,0,"5,8,13,14,16"
449,Imipenem,S(CCN=CN)C=1CC2N(C(=O)C2C(O)C)C=1C(O)=O,1,-1.995635195,0,"5,8,10,13,14,16"
450,Imipramine,N(CCCN1c2c(CCc3c1cccc3)cccc2)(C)C,42,-0.140178703,0,"3,5,8,12,13,14,15,16"
451,Incadronate,P(O)(O)(=O)C(P(O)(O)=O)NC1CCCCCC1,1,-1.995635195,0,"5,8,13,14,16"
452,Indapamide,Clc1cc(S(=O)(=O)N)c(cc1)C(=O)NC1c2c(NC1C)cccc2,90,0.954242509,1,"5,8,13,14,16"
453,Indinavir,OC1Cc2c(cccc2)C1NC(=O)C(Cc1ccccc1)CC(O)CN1CCN(CC1C(=O)NC(C)(C)C)Cc1cccnc1,65,0.268845312,1,"5,8,12,13,14,15,16"
454,Indobufen,O=C1N(Cc2c1cccc2)c1ccc(cc1)C(CC)C(O)=O,85,0.753327667,1,"5,8,13,14,16"
455,Indomethacin,Clc1ccc(cc1)C(=O)n1c2c(cc(OC)cc2)c(CC(O)=O)c1C,99,1.995635195,1,"5,8,10,12,13,14,15,16"
456,Indoramin,O=C(NC1CCN(CC1)CCc1c2c([nH]c1)cccc2)c1ccccc1,18,-0.658541347,0,"5,8,13,14,16"
457,Ipratropium,O(C(=O)C(CO)c1ccccc1)C1CC2[N+](C(C1)CC2)(C(C)C)C,3,-1.50965048,0,"5,8,13,14,16"
458,Irbesartan,O=C1N(Cc2ccc(cc2)-c2ccccc2-c2nn[nH]n2)C(=NC12CCCC2)CCCC,70,0.367976785,1,"3,5,8,12,13,14,15,16"
459,Irinotecan,O1CC2=C(C=C3N(Cc4c3nc3c(cc(OC(=O)N5CCC(N6CCCCC6)CC5)cc3)c4CC)C2=O)C(O)(CC)C1=O,8,-1.06069784,0,"5,8,13,14,16"
460,Isoniazid,O=C(NN)c1ccncc1,80,0.602059991,1,"5,8,13,14,15,16"
461,Isoproterenol,Oc1cc(ccc1O)C(O)CNC(C)C,0,-2,0,"5,8,13,14,16"
462,Isosorbide 2-Mononitrate,O1C2C(OCC2O)C(O[N+](=O)[O-])C1,93,1.123384909,1,"5,8,12,13,14,15,16"
463,Isosorbide Dinitrate,C1C(C2C(O1)C(CO2)O[N+](=O)[O-])O[N+](=O)[O-],22,-0.549671922,0,"5,8,12,13,14,15,16"
464,Isotretinoin,OC(=O)C=C(C=CC=C(C=CC=1C(CCCC=1C)(C)C)C)C,40,-0.176091259,0,"5,8,12,13,14,15,16"
465,Isoxicam,S1(=O)(=O)N(C)C(=C(O)Nc2noc(c2)C)C(=O)c2c1cccc2,97,1.50965048,1,"10,16"
466,Isradipine,o1nc2c(n1)cccc2C1C(C(OC(C)C)=O)=C(NC(C)=C1C(OC)=O)C,19.5,-0.615761269,0,"3,5,8,12,13,14,15,16"
467,Itraconazole,Clc1cc(Cl)ccc1C1(OC(CO1)COc1ccc(N2CCN(CC2)c2ccc(N3C=NN(C(CC)C)C3=O)cc2)cc1)Cn1ncnc1,55,0.087150176,1,"3,5,8,10,12,13,14,15,16"
468,Kanamycin,O1C(CN)C(O)C(O)C(O)C1OC1C(O)C(OC2OC(CO)C(O)C(N)C2O)C(N)CC1N,1,-1.995635195,0,"5,8,13,14,16"
469,KETAMINE,CNC1(CCCCC1=O)C2=CC=CC=C2Cl,20,-0.602059991,0,"5,8,13,14,15,16"
470,Ketanserin,Fc1ccc(cc1)C(=O)C1CCN(CC1)CCN1C(=O)c2c(NC1=O)cccc2,50,0,0,"5,8,10,13,14,15,16"
471,Ketobemidone,Oc1cc(ccc1)C1(CCN(CC1)C)C(=O)CC,34,-0.288065018,0,"5,8,13,14,16"
472,Ketoconazole,CC(=O)N1CCN(CC1)c2ccc(OCC3COC(Cn4ccnc4)(O3)c5ccc(Cl)cc5Cl)cc2,75,0.477121255,1,"15,16"
473,Ketoprofen,OC(=O)C(C)c1cc(ccc1)C(=O)c1ccccc1,90,0.954242509,1,"3,5,8,10,12,13,14,15,16"
474,Ketorolac,OC(=O)C1CCn2c1ccc2C(=O)c1ccccc1,99,1.995635195,1,"5,8,10,12,13,14,15,16"
475,Ketotifen,s1c2c(cc1)C(c1c(CC2=O)cccc1)=C1CCN(CC1)C,60,0.176091259,1,"5,8,13,14,15,16"
476,"KNI-272, Kynostatin-272",S1CC(N(C1)C(=O)C(O)C(NC(=O)C(NC(=O)COc1nccc2c1cccc2)CSC)Cc1ccccc1)C(=O)NC(C)(C)C,40,-0.176091259,0,"5,8,13,14,16"
477,L-5-hydroxytryptophan,Oc1cc2c([nH]cc2CC(N)C(O)=O)cc1,70,0.367976785,1,"5,8,13,14,16"
478,Labetalol,Oc1ccc(cc1C(=O)N)C(O)CNC(CCc1ccccc1)C,25,-0.477121255,0,"5,8,12,13,14,15,16"
479,Lacidipine,O(C(=O)C=1C(C(C(OCC)=O)=C(NC=1C)C)c1ccccc1C=CC(OC(C)(C)C)=O)CC,18,-0.658541347,0,"5,8,13,14,16"
480,Lactulose,O1C(O)(CO)C(O)C(OC2OC(CO)C(O)C(O)C2O)C1CO,3,-1.50965048,0,"5,8,13,14,15,16"
481,Lamivudine,S1CC(OC1CO)N1C=CC(=NC1=O)N,86,0.788370416,1,"3,5,8,10,12,13,14,15,16"
482,Lamotrigine,Clc1c(cccc1Cl)-c1nnc(nc1N)N,97.6,1.609238576,1,"5,8,10,12,13,14,15,16"
483,Lansoprazole,S(=O)(Cc1ncc(C)c(OCC(F)(F)F)c1)c1[nH]c2c(n1)cccc2,81,0.629731418,1,"3,5,8,10,12,13,14,15,16"
484,Lapatinib,Clc1cc(Nc2ncnc3c2cc(cc3)-c2oc(cc2)CNCCS(=O)(=O)C)ccc1OCc1cc(F)ccc1,0,-2,0,"5,8,13,14,16"
485,L-Arginine,OC(=O)C(N)CCCN=C(N)N,68,0.327358934,1,"5,8,13,14,16"
486,Leflunomide,FC(F)(F)c1ccc(NC(=O)c2cnoc2C)cc1,80,0.602059991,1,"5,8,13,14,15,16"
487,Lercanidipine,O(C(=O)C=1C(C(C(OC)=O)=C(NC=1C)C)c1cc([N+](=O)[O-])ccc1)C(CN(CCC(c1ccccc1)c1ccccc1)C)(C)C,10,-0.954242509,0,"5,8,13,14,16"
488,Letrozole,n1cn(nc1)C(c1ccc(cc1)C#N)c1ccc(cc1)C#N,99,1.995635195,1,"3,5,8,10,12,13,14,15,16"
489,Levamisole,S1CCN2CC(N=C12)c1ccccc1,65,0.268845312,1,"5,8,13,14,16"
490,Levetiracetam,O=C1N(CCC1)C(CC)C(=O)N,99,1.995635195,1,"5,8,12,13,14,15,16"
491,Levobunolol,O(CC(O)CNC(C)(C)C)c1c2c(ccc1)C(=O)CCC2,75,0.477121255,1,"5,8,13,14,16"
492,Levocabastine,Fc1ccc(cc1)C1(CCC(N2CC(C)C(CC2)(C(O)=O)c2ccccc2)CC1)C#N,99,1.995635195,1,"5,8,13,14,16"
493,Levocarnitine,C[N+](C)(C)CC(CC(=O)[O-])O,15,-0.753327667,0,"15,16"
494,Levodopa,Oc1cc(ccc1O)CC(N)C(O)=O,41,-0.158068155,0,"5,8,12,13,14,15,16"
495,Levofloxacin,Fc1cc2c3N(C=C(C(O)=O)C2=O)C(COc3c1N1CCN(CC1)C)C,97.5,1.591064607,1,"3,5,8,10,12,13,14,16"
496,Levomepromazine,S1c2c(N(c3c1cccc3)CC(CN(C)C)C)cc(OC)cc2,50,0,0,"10,16"
497,Levoprotiline,OC(CC12CCC(c3c1cccc3)c1c2cccc1)CNC,40,-0.176091259,0,"5,8,10,13,14,16"
498,Levosimendan,O=C1NN=C(C(C1)C)c1ccc(NN=C(C#N)C#N)cc1,85,0.753327667,1,"5,8,13,14,16"
499,Lidocaine,O=C(Nc1c(cccc1C)C)CN(CC)CC,35,-0.268845312,0,"5,8,13,14,15,16"
500,lincomycin,S(C)C1OC(C(NC(=O)C2N(CC(C2)CCC)C)C(O)C)C(O)C(O)C1O,25,-0.477121255,0,"5,8,13,14,15,16"
501,Linezolid,Fc1cc(N2CC(OC2=O)CNC(=O)C)ccc1N1CCOCC1,99,1.995635195,1,"3,5,8,10,12,13,14,15,16"
502,Lipoic Acid,S1SCCC1CCCCC(O)=O,29,-0.388860351,0,"5,8,13,14,16"
503,Lisinopril,OC(=O)C1N(CCC1)C(=O)C(NC(CCc1ccccc1)C(O)=O)CCCCN,25,-0.477121255,0,"5,8,10,12,13,14,15,16"
504,Lisuride,O=C(NC1C=C2C(N(C1)C)Cc1c3c2cccc3[nH]c1)N(CC)CC,14,-0.788370416,0,"5,8,13,14,16"
505,Lofexidine,Clc1cccc(Cl)c1OC(C)C=1NCCN=1,90,0.954242509,1,"5,8,13,14,16"
506,Lomefloxacin,Fc1c2N(C=C(C(O)=O)C(=O)c2cc(F)c1N1CC(NCC1)C)CC,97,1.50965048,1,"5,8,13,14,15,16"
507,Lomustine,ClCCN(N=O)C(=O)NC1CCCCC1,99,1.995635195,1,"5,8,13,14,16"
508,Loperamide,Clc1ccc(cc1)C1(O)CCN(CC1)CCC(C(=O)N(C)C)(c1ccccc1)c1ccccc1,40,-0.176091259,0,"5,8,13,14,16"
509,Loracarbef,ClC=1CCC2N(C(=O)C2NC(=O)C(N)c2ccccc2)C=1C(O)=O,94,1.194976603,1,"5,8,13,14,15,16"
510,Loratadine,Clc1cc2c(cc1)C(c1ncccc1CC2)=C1CCN(CC1)C(OCC)=O,40,-0.176091259,0,"5,8,13,14,15,16"
511,Lorazepam,Clc1ccccc1C1=NC(O)C(=O)Nc2c1cc(Cl)cc2,93,1.123384909,1,"3,5,8,10,12,13,14,15,16"
512,Lormetazepam,Clc1ccccc1C1=NC(O)C(=O)N(c2c1cc(Cl)cc2)C,75,0.477121255,1,"3,5,8,10,13,14,16"
513,Losartan,Clc1nc(n(Cc2ccc(cc2)-c2ccccc2-c2[nH]nnn2)c1CO)CCCC,35,-0.268845312,0,"3,5,8,10,12,13,14,15,16"
514,Loteprednol Etabonate,ClCOC(=O)C1(OC(OCC)=O)CCC2C3C(C4(C(=CC(=O)C=C4)CC3)C)C(O)CC12C,0,-2,0,"5,8,13,14,16"
515,Lovastatin,O1C(CC(O)CC1=O)CCC1C2C(=CC(CC2OC(=O)C(CC)C)C)C=CC1C,5,-1.278753601,0,"3,5,8,10,12,13,14,15,16"
516,Loxapine,Clc1cc2c(Oc3c(N=C2N2CCN(CC2)C)cccc3)cc1,30,-0.367976785,0,"15,16"
517,Lubiprostone,FC(F)(CCCC)C1(OC2C(CC1)C(CCCCCCC(O)=O)C(=O)C2)O,0,-2,0,"5,8,13,14,16"
518,Lumiracoxib,Clc1cccc(F)c1Nc1ccc(cc1CC(O)=O)C,74,0.454258372,1,"5,8,13,14,16"
519,lurtotecan,O1CC2=C(C=C3N(Cc4c3nc3c(cc5OCCOc5c3)c4CN3CCN(CC3)C)C2=O)C(CC)C1=O,12,-0.865301426,0,"5,8,13,14,16"
520,Lymecycline,CC1(C2CC3C(C(=O)C(=C(C3(C(=O)C2=C(C4=C1C=CC=C4O)O)O)O)C(=O)NCNCCCCC(C(=O)O)N)N(C)C)O,99,1.995635195,1,"5,8,13,14,16"
521,Lynestrenol,OC1(CCC2C3C(C4C(CC3)=CCCC4)CCC12C)C#C,30,-0.367976785,0,"5,8,13,14,16"
522,Mannitol,OC(C(O)C(O)CO)C(O)CO,7,-1.123384909,0,"5,8,13,14,16"
523,Maprotiline,N(CCCC12CCC(c3c1cccc3)c1c2cccc1)C,68,0.327358934,1,"5,8,13,14,16"
524,Maraviroc,FC1(F)CCC(CC1)C(=O)NC(CCN1C2CC(n3c(nnc3C)C(C)C)CC1CC2)c1ccccc1,23,-0.524762889,0,"5,8,13,14,16"
525,Mazindol,Clc1ccc(cc1)C1(O)N2C(=NCC2)c2c1cccc2,93,1.123384909,1,"5,8,13,14,16"
526,Mebendazole,O(C(=O)Nc1[nH]c2cc(ccc2n1)C(=O)c1ccccc1)C,22,-0.549671922,0,"5,8,10,12,13,14,16"
527,Mecamylamine,N(C)C1(C2CC(CC2)C1(C)C)C,99,1.995635195,1,"15,16"
528,Meclofenamic acid,Clc1c(Nc2ccccc2C(O)=O)c(Cl)ccc1C,65.099998,0.270755523,1,"5,8,13,14,16"
529,Medifoxamine,O(C(Oc1ccccc1)CN(C)C)c1ccccc1,21,-0.575407797,0,"5,8,13,14,16"
530,Medroxalol,O1c2cc(ccc2OC1)CCC(NCC(O)c1cc(C(=O)N)c(O)cc1)C,38,-0.212608093,0,"5,8,13,14,16"
531,Medroxyprogesterone,OC1(CCC2C3C(CCC12C)C1(C(=CC(=O)CC1)C(C3)C)C)C(=O)C,15,-0.753327667,0,"5,8,12,13,14,16"
532,Medroxyprogesterone_acetate,O(C(=O)C)C1(CCC2C3C(CCC12C)C1(C(=CC(=O)CC1)C(C3)C)C)C(=O)C,10,-0.954242509,0,"5,8,13,14,16"
533,Mefenamic Acid,OC(=O)c1ccccc1Nc1cccc(C)c1C,90,0.954242509,1,"5,8,13,14,16"
534,Mefloquine,FC(F)(F)c1c2nc(cc(c2ccc1)C(O)C1NCCCC1)C(F)(F)F,80,0.602059991,1,"5,8,13,14,16"
535,Megestrol Acetate,O(C(=O)C)C1(CCC2C3C(CCC12C)C1(C(=CC(=O)CC1)C(=C3)C)C)C(=O)C,90,0.954242509,1,"5,8,13,14,16"
536,Melagatran,OC(=O)CNC(C(=O)N1CCC1C(=O)NCc1ccc(cc1)C(N)=N)C1CCCCC1,5,-1.278753601,0,"5,8,10,13,14,16"
537,Melatonin,O(C)c1cc2c(N=CC2CCNC(=O)C)cc1,12,-0.865301426,0,"5,8,13,14,15,16"
538,Meloxicam,s1c(cnc1NC(=O)C=1N(S(=O)(=O)c2c(cccc2)C=1O)C)C,97,1.50965048,1,"5,8,10,13,14,15,16"
539,Melphalan,ClCCN(CCCl)c1ccc(cc1)CC(N)C(O)=O,71,0.388860351,1,"3,5,8,12,13,14,15,16"
540,Memantine,NC12CC3(CC(C1)(CC(C3)C2)C)C,99,1.995635195,1,"5,8,12,13,14,16"
541,Meperidine,O(C(=O)C1(CCN(CC1)C)c1ccccc1)CC,52,0.034762106,1,"5,8,12,13,14,15,16"
542,Mepindolol,O(CC(O)CNC(C)C)c1c2cc([nH]c2ccc1)C,82,0.658541347,1,"3,5,8,13,14,16"
543,Mepivacaine,O=C(Nc1c(cccc1C)C)C1N(CCCC1)C,55,0.087150176,1,"5,8,13,14,16"
544,Meptazinol,Oc1cc(ccc1)C1(CCCCN(C1)C)CC,9,-1.004798883,0,"5,8,13,14,15,16"
545,Mercaptopurine,S=C1N=CNc2nc[nH]c12,12,-0.865301426,0,"5,8,12,13,14,15,16"
546,Meropenem,CC(O)C1C2C(C)C(SC3CNC(C3)C(=O)N(C)C)=C(N2C1=O)C(O)=O,0,-2,0,"5,8,13,14,16"
547,Mesna,S(O)(=O)(=O)CCS,62,0.212608093,1,"5,8,13,14,16"
548,Mesterolone,OC1CCC2C3C(CCC12C)C1(C(CC(=O)CC1C)CC3)C,3,-1.50965048,0,"5,8,13,14,16"
549,Metergoline,O(Cc1ccccc1)C(=O)NCC1CC2C(N(C1)C)Cc1c3c2cccc3n(c1)C,23,-0.524762889,0,"3,5,8,13,14,16"
550,Metformin,N(C(NC(N)=N)=N)(C)C,52,0.034762106,1,"5,8,10,12,13,14,15,16"
551,Methacycline,OC12C(C(N(C)C)C(O)=C(C(=O)N)C1=O)C(O)C1C(=C2O)C(=O)c2c(cccc2O)C1=C,58,0.140178703,1,"3,5,8,13,14,16"
552,Methadone,O=C(C(CC(N(C)C)C)(c1ccccc1)c1ccccc1)CC,92,1.06069784,1,"3,5,8,10,12,13,14,15,16"
553,Methadyl Acetate,O(C(C(CC(N(C)C)C)(c1ccccc1)c1ccccc1)CC)C(=O)C,47,-0.052178012,0,"5,8,13,14,16"
554,Methamphetamine,N(C(Cc1ccccc1)C)C,67,0.307560863,1,"5,8,13,14,16"
555,Methapyrilene,s1cccc1CN(CCN(C)C)c1ncccc1,20,-0.602059991,0,"5,8,13,14,16"
556,Methimazole,S=C1NC=CN1C,93,1.123384909,1,"3,5,8,13,14,15,16"
557,Methotrexate,OC(=O)C(NC(=O)c1ccc(N(Cc2nc3c(nc(nc3N)N)nc2)C)cc1)CCC(O)=O,33,-0.307560863,0,"3,5,8,10,12,13,14,15,16"
558,Methyldopa,Oc1cc(ccc1O)CC(N)(C(O)=O)C,42,-0.140178703,0,"5,8,10,12,13,14,15,16"
559,Methylergonovine,OCC(NC(=O)C1C=C2C(N(C1)C)Cc1c3c2cccc3[nH]c1)CC,60,0.176091259,1,"5,8,13,14,16"
560,Methylphenidate,O(C(=O)C(C1NCCCC1)c1ccccc1)C,22,-0.549671922,0,"5,8,12,13,14,16"
561,Methylphenobarbital,O=C1N(C)C(=O)NC(=O)C1(CC)c1ccccc1,73,0.431959096,1,"3,5,8,13,14,16"
562,Methylprednisolone,OC1(CCC2C3C(C4(C(=CC(=O)C=C4)C(C3)C)C)C(O)CC12C)C(=O)CO,82,0.658541347,1,"3,5,8,12,13,14,15,16"
563,Methyltestosterone,OC1(CCC2C3C(CCC12C)C1(C(=CC(=O)CC1)CC3)C)C,50,0,0,"15,16"
564,Methysergide,OCC(NC(=O)C1C=C2C(N(C1)C)Cc1c3c2cccc3n(c1)C)CC,13,-0.8255759,0,"3,5,8,13,14,16"
565,Meticillin,S1C2N(C(C(O)=O)C1(C)C)C(=O)C2NC(=O)c1c(OC)cccc1OC,0,-2,0,"5,8,13,14,16"
566,Metoclopramide,O=C(NCCN(CC)CC)c1cc(Cl)c(N)cc1OC,76,0.500602351,1,"3,5,8,10,12,13,14,15,16"
567,Metolazone,Clc1cc2NC(N(c3ccccc3C)C(=O)c2cc1S(=O)(=O)N)C,65,0.268845312,1,"5,8,10,13,14,16"
568,Metopimazine,S1c2c(N(c3c1cccc3)CCCN1CCC(CC1)C(=O)N)cc(S(=O)(=O)C)cc2,20,-0.602059991,0,"3,5,8,13,14,16"
569,Metoprolol,O(CC(O)CNC(C)C)c1ccc(cc1)CCOC,38,-0.212608093,0,"5,8,10,12,13,14,15,16"
570,Metronidazole,OCCn1c(ncc1[N+](=O)[O-])C,99,1.995635195,1,"5,8,10,12,13,14,15,16"
571,Mexiletine,O(CC(N)C)c1c(cccc1C)C,87,0.8255759,1,"3,5,8,12,13,14,15,16"
572,Mianserin,N12C(c3c(Cc4c1cccc4)cccc3)CN(CC2)C,22,-0.549671922,0,"3,5,8,13,14,16"
573,Mibefradil,Fc1cc2c(cc1)C(C(C)C)C(OC(=O)COC)(CC2)CCN(CCCc1[nH]c2c(n1)cccc2)C,75,0.477121255,1,"5,8,13,14,15,16"
574,Miconazole,Clc1cc(Cl)ccc1C(OCc1ccc(Cl)cc1Cl)Cn1ccnc1,25,-0.477121255,0,"5,8,13,14,16"
575,Midazolam,Clc1cc2c(-n3c(CN=C2c2ccccc2F)cnc3C)cc1,44,-0.104735351,0,"3,5,8,10,12,13,14,15,16"
576,Midodrine,O(C)c1ccc(OC)cc1C(O)CNC(=O)CN,93,1.123384909,1,"3,5,8,13,14,15,16"
577,Mifepristone,OC1(CCC2C3C(=C4C(=CC(=O)CC4)CC3)C(CC12C)c1ccc(N(C)C)cc1)C#CC,69,0.347487397,1,"5,8,13,14,15,16"
578,Miglitol,OC1C(O)C(O)CN(CCO)C1CO,60,0.176091259,1,"10,15,16"
579,Miglustat,OC1C(O)C(O)CN(CCCC)C1CO,97,1.50965048,1,"5,8,13,14,16"
580,Milnacipran,O=C(N(CC)CC)C1(CC1CN)c1ccccc1,84,0.720159303,1,"5,8,13,14,16"
581,Milrinone,O=C1NC(C)=C(C=C1C#N)c1ccncc1,86,0.788370416,1,"3,5,8,10,13,14,15,16"
582,Minocycline,CN(C1C2CC3CC4=C(N(C)C)C=CC(O)=C4C(O)=C3C(C2(O)C(O)=C(C(N)=O)C1=O)=O)C,97,1.50965048,1,"3,5,8,10,12,13,14,15,16"
583,Minoxidil,C1CCN(CC1)C2=NC(=N)N(C(=C2)N)O,95,1.278753601,1,"5,8,13,14,15,16"
584,Mirtazapine,n1c2N3C(c4c(Cc2ccc1)cccc4)CN(CC3)C,50,0,0,"5,8,10,12,13,14,15,16"
585,Misoprostol,OC1CC(=O)C(CCCCCCC(OC)=O)C1C=CCC(O)(CCCC)C,80,0.602059991,1,"5,8,12,13,14,16"
586,Mitotane,Clc1ccccc1C(C(Cl)Cl)c1ccc(Cl)cc1,40,-0.176091259,0,"5,8,13,14,16"
587,Mitoxantrone,Oc1c2c(C(=O)c3c(C2=O)c(NCCNCCO)ccc3NCCNCCO)c(O)cc1,0,-2,0,"5,8,13,14,16"
588,Mivacurium,O(C)c1c(OC)cc(cc1OC)CC1[N+](CCc2c1cc(OC)c(OC)c2)(CCCOC(=O)CCC=CCCC(OCCC[N+]1(CCc2c(cc(OC)c(OC)c2)C1Cc1cc(OC)c(OC)c(OC)c1)C)=O)C,0,-2,0,"5,8,13,14,16"
589,Mizolastine,Fc1ccc(cc1)Cn1c2c(nc1N1CCC(N(C)C=3NC(=O)C=CN=3)CC1)cccc2,65,0.268845312,1,"5,8,13,14,15,16"
590,Moclobemide,Clc1ccc(cc1)C(=O)NCCN1CCOCC1,75,0.477121255,1,"5,8,10,13,14,15,16"
591,Modafinil,S(=O)(C(c1ccccc1)c1ccccc1)CC(=O)N,80,0.602059991,1,"5,8,12,13,14,16"
592,Moexipril,O(C)c1cc2CC(N(Cc2cc1OC)C(=O)C(NC(CCc1ccccc1)C(OCC)=O)C)C(O)=O,13,-0.8255759,0,"3,5,8,13,14,16"
593,Molsidomine,o1n[n+](N2CCOCC2)cc1NC(OCC)=O,48,-0.034762106,0,"5,8,13,14,16"
594,Montelukast,Clc1cc2nc(ccc2cc1)C=Cc1cc(ccc1)C(SCC1(CC1)CC(O)=O)CCc1ccccc1C(O)(C)C,62,0.212608093,1,"3,5,8,10,13,14,16"
595,Moricizine,S1c2c(N(c3c1cccc3)C(=O)CCN1CCOCC1)cc(NC(OCC)=O)cc2,38,-0.212608093,0,"5,8,13,14,15,16"
596,Morphine,O1C2C34C(C(N(CC3)C)Cc3c4c1c(O)cc3)C=CC2O,24,-0.500602351,0,"3,5,8,12,13,14,15,16"
597,Moxalactam,S(CC=1COC2N(C(=O)C2(OC)NC(=O)C(C(O)=O)c2ccc(O)cc2)C=1C(O)=O)c1[n+](nn[nH]1)C,85,0.753327667,1,"12,15,16"
598,Moxestrol,O(C)C1CC2(C(C3C1c1c(cc(O)cc1)CC3)CCC2(O)C#C)C,33,-0.307560863,0,"5,8,13,14,16"
599,Moxifloxacin,Fc1cc2c(N(C=C(C(O)=O)C2=O)C2CC2)c(OC)c1N1CC2C(NCCC2)C1,86,0.788370416,1,"3,5,8,10,12,13,14,15,16"
600,Moxonidine,Clc1nc(nc(OC)c1NC=1NCCN=1)C,88,0.865301426,1,"5,8,10,13,14,16"
601,Nabilone,O1c2c(C3C(CCC(=O)C3)C1(C)C)c(O)cc(c2)C(CCCCCC)(C)C,20,-0.602059991,0,"5,8,13,14,16"
602,Nabumetone,O(C)c1cc2c(cc(cc2)CCC(=O)C)cc1,35,-0.268845312,0,"5,8,12,13,14,16"
603,N-ACETYLPROCAINAMIDE,O=C(NCCN(CC)CC)c1ccc(NC(=O)C)cc1,83,0.688629171,1,"5,8,12,13,14,15,16"
604,Nadolol,O(CC(O)CNC(C)(C)C)c1c2CC(O)C(O)Cc2ccc1,30,-0.367976785,0,"3,5,8,10,12,13,14,15,16"
605,NAFCILLIN,S1C2N(C(C(O)=O)C1(C)C)C(=O)C2NC(=O)c1c2c(ccc1OCC)cccc2,30,-0.367976785,0,"5,8,13,14,15,16"
606,Nalbuphine,O1C2C34CCN(C(Cc5c3c1c(O)cc5)C4(O)CCC2O)CC1CCC1,16,-0.720159303,0,"3,5,8,13,14,15,16"
607,Nalidixic acid,O=C1c2ccc(nc2N(C=C1C(O)=O)CC)C,96,1.380211242,1,"5,8,13,14,15,16"
608,Nalmefene,O1C2C34CCN(C(Cc5c3c1c(O)cc5)C4(O)CCC2=C)CC1CC1,40,-0.176091259,0,"5,8,13,14,16"
609,Naloxone,O1C2C34CCN(C(Cc5c3c1c(O)cc5)C4(O)CCC2=O)CC=C,2,-1.69019608,0,"3,5,8,12,13,14,16"
610,Naltrexone,O1C2C34CCN(C(Cc5c3c1c(O)cc5)C4(O)CCC2=O)CC1CC1,22,-0.549671922,0,"3,5,8,12,13,14,15,16"
611,Nandrolone,OC1CCC2C3C(C4C(=CC(=O)CC4)CC3)CCC12C,2.24,-1.639913175,0,"5,8,13,14,16"
612,Naproxen,O(C)c1cc2c(cc(cc2)C(C(O)=O)C)cc1,99,1.995635195,1,"5,8,12,13,14,15,16"
613,Naratriptan,S(=O)(=O)(NC)CCc1cc2cc([nH]c2cc1)C1CCN(CC1)C,69,0.347487397,1,"3,5,8,10,12,13,14,15,16"
614,Naringin,O1C(CO)C(O)C(O)C(OC2OC(C)C(O)C(O)C2O)C1Oc1cc(O)c2c(OC(CC2=O)c2ccc(O)cc2)c1,20,-0.602059991,0,"5,8,13,14,16"
615,Nateglinide,OC(=O)C(NC(=O)C1CCC(CC1)C(C)C)Cc1ccccc1,73,0.431959096,1,"3,10,16"
616,Nebivolol,Fc1cc2CCC(Oc2cc1)C(O)CNCC(O)C1Oc2c(cc(F)cc2)CC1,50,0,0,"5,8,13,14,16"
617,Nedocromil,O1c2c(cc3c(N(CC)C(=CC3=O)C(O)=O)c2CCC)C(=O)C=C1C(O)=O,3,-1.50965048,0,"5,8,13,14,16"
618,Nefazodone,Clc1cc(N2CCN(CC2)CCCN2N=C(N(CCOc3ccccc3)C2=O)CC)ccc1,20,-0.602059991,0,"5,8,10,13,14,15,16"
619,Nefopam,O1CCN(Cc2c(cccc2)C1c1ccccc1)C,36,-0.249877473,0,"5,8,13,14,16"
620,Nelarabine,O1C(CO)C(O)C(O)C1n1c2nc(nc(OC)c2nc1)N,11,-0.907997321,0,"5,8,13,14,16"
621,Nelfinavir,S(CC(NC(=O)c1cccc(O)c1C)C(O)CN1CC2C(CC1C(=O)NC(C)(C)C)CCCC2)c1ccccc1,50,0,0,"5,8,13,14,15,16"
622,Neomycin, C1C(C(C(C(C1N)OC2C(C(C(C(O2)CN)O)O)N)OC3C(C(C(O3)CO)OC4C(C(C(C(O4)CN)O)O)N)O)O)N,3,-1.50965048,0,"5,8,13,14,16"
623,Neostigmine,O(C(=O)N(C)C)c1cc([N+](C)(C)C)ccc1,2,-1.69019608,0,"5,8,10,13,14,15,16"
624,Netilmicin,O1C(OC2C(O)C(OC3OCC(O)(C)C(NC)C3O)C(NCC)CC2N)C(N)CC=C1CN,0,-2,0,"5,8,13,14,16"
625,Nevirapine,O=C1Nc2c(nccc2C)N(c2ncccc12)C1CC1,93,1.123384909,1,"3,5,8,10,12,13,14,15,16"
626,Nicainoprol,O(CC(O)CNC(C)C)c1c2N(CCCc2ccc1)C(=O)c1cccnc1,70,0.367976785,1,"5,8,13,14,16"
627,Nicardipine,O(C(=O)C=1C(C(C(OC)=O)=C(NC=1C)C)c1cc([N+](=O)[O-])ccc1)CCN(Cc1ccccc1)C,23,-0.524762889,0,"5,8,10,12,13,14,15,16"
628,Nicergoline,Brc1cc(cnc1)C(OCC1CC2(OC)C(N(C1)C)Cc1c3c2cccc3n(c1)C)=O,5,-1.278753601,0,"5,8,13,14,16"
629,Nicorandil,O([N+](=O)[O-])CCNC(=O)c1cccnc1,75,0.477121255,1,"5,8,13,14,16"
630,Nicotine,n1cc(ccc1)C1N(CCC1)C,30,-0.367976785,0,"5,8,10,12,13,14,15,16"
631,Nifedipine,O(C(=O)C)C=1C(C(C(OC)=O)=C(NC=1C)C)c1ccccc1[N+](=O)[O-],50,0,0,"3,5,8,10,12,13,14,15,16"
632,Nilotinib,FC(F)(F)c1cc(NC(=O)c2cc(Nc3nc(ccn3)-c3cccnc3)c(cc2)C)cc(-n2cc(nc2)C)c1,30,-0.367976785,0,"5,8,13,14,16"
633,Nilutamide,FC(F)(F)c1cc(N2C(=O)C(NC2=O)(C)C)ccc1[N+](=O)[O-],99,1.995635195,1,"5,8,13,14,16"
634,Nilvadipine,O(C(=O)C=1C(C(C(OC)=O)=C(NC=1C)C#N)c1cc([N+](=O)[O-])ccc1)C(C)C,14,-0.788370416,0,"5,8,13,14,16"
635,Nimodipine,O(C(=O)C=1C(C(C(OCCOC)=O)=C(NC=1C)C)c1cc([N+](=O)[O-])ccc1)C(C)C,11,-0.907997321,0,"3,5,8,10,13,14,15,16"
636,Nisoldipine,O(C(=O)C=1C(C(C(OC)=O)=C(NC=1C)C)c1ccccc1[N+](=O)[O-])CC(C)C,5,-1.278753601,0,"5,8,10,13,14,15,16"
637,Nitazoxanide,s1c([N+](=O)[O-])cnc1NC(=O)c1ccccc1OC(=O)C,70,0.367976785,1,"5,8,13,14,16"
638,Nitisinone,FC(F)(F)c1cc([N+](=O)[O-])c(cc1)C(=O)C1C(=O)CCCC1=O,90,0.954242509,1,"5,8,13,14,16"
639,Nitrazepam,O=C1Nc2c(cc([N+](=O)[O-])cc2)C(=NC1)c1ccccc1,78,0.549671922,1,"3,5,8,10,12,13,14,15,16"
640,Nitrendipine,O(C(=O)C=1C(C(C(OC)=O)=C(NC=1C)C)c1cc([N+](=O)[O-])ccc1)CC,16.5,-0.704202531,0,"3,5,8,13,14,15,16"
641,Nitrofurantoin,o1c(ccc1[N+](=O)[O-])C=NN1CC(=O)NC1=O,87,0.8255759,1,"3,5,8,12,13,14,15,16"
642,Nitroglycerin,O=N(=O)OCC(CON(=O)=O)ON(=O)=O,1,-1.995635195,0,"5,8,12,13,14,15,16"
643,Nizatidine,s1cc(nc1CN(C)C)CSCCNC(NC)=C[N+](=O)[O-],70,0.367976785,1,"3,5,8,10,12,13,14,15,16"
644,Nomifensine,Nc1c2c(ccc1)C(CN(C2)C)c1ccccc1,27,-0.431959096,0,"5,8,10,13,14,16"
645,Norepinephrine,Oc1cc(ccc1O)C(O)CN,3,-1.50965048,0,"5,8,13,14,16"
646,Norethindrone,OC1(CCC2C3C(C4C(=CC(=O)CC4)CC3)CCC12C)C#C,64,0.249877473,1,"3,5,8,13,14,15,16"
647,Norfenefrine,Oc1cc(ccc1)C(O)CN,5,-1.278753601,0,"5,8,13,14,16"
648,Norfenfluramine,FC(F)(F)c1cc(ccc1)CC(N)C,85,0.753327667,1,"5,8,13,14,16"
649,Norfloxacin,Fc1cc2c(N(C=C(C(O)=O)C2=O)CC)cc1N1CCNCC1,35,-0.268845312,0,"5,8,12,13,14,15,16"
650,Norgestrel,OC1(CCC2C3C(C4C(=CC(=O)CC4)CC3)CCC12CC)C#C,94,1.194976603,1,"5,8,13,14,16"
651,Nortilidine,O(C(=O)C1(CCC=CC1NC)c1ccccc1)CC,99,1.995635195,1,"12,15,16"
652,NORTRIPTYLINE,N(CCC=C1c2c(CCc3c1cccc3)cccc2)C,51,0.017374096,1,"5,8,10,13,14,15,16"
653,Norzimelidine,Brc1ccc(cc1)C(=CCNC)c1cccnc1,66,0.288065018,1,"3,5,8,13,14,16"
654,Noscapine,O1C(c2c(c(OC)c(OC)cc2)C1=O)C1N(CCc2c1c(OC)c1OCOc1c2)C,30,-0.367976785,0,"5,8,13,14,16"
655,Novobiocin,O1C(C)(C)C(OC)C(OC(=O)N)C(O)C1Oc1ccc2c(OC(O)=C(NC(=O)c3cc(CC=C(C)C)c(O)cc3)C2=O)c1C,0,-2,0,"5,8,13,14,16"
656,Nystatin,O1C(C)C(O)C(N)C(O)C1OC1C=CC=CC=CC=CCCC=CC=CC(C)C(O)C(C)C(OC(=O)CC(O)CC(O)CC(O)CCC(O)C(O)CC2(OC(C1)C(C(O)=O)C(O)C2)O)C,1,-1.995635195,0,"5,8,13,14,16"
657,octreotide,S1SCC(NC(=O)C(NC(=O)C(NC(=O)C(NC(=O)C(NC(=O)C(NC(=O)C(N)Cc2ccccc2)C1)Cc1ccccc1)Cc1c2c([nH]c1)cccc2)CCCCN)C(O)C)C(=O)NC(C(O)C)CO,2,-1.69019608,0,"5,8,13,14,15,16"
658,Olanzapine,s1c2Nc3c(N=C(N4CCN(CC4)C)c2cc1C)cccc3,60,0.176091259,1,"5,8,12,13,14,15,16"
659,Olmesartan,O1C(COC(=O)c2n(Cc3ccc(cc3)-c3ccccc3-c3nn[nH]n3)c(nc2C(O)(C)C)CCC)=C(OC1=O)C,26,-0.454258372,0,"3,5,8,12,13,14,16"
660,Olsalazine,Oc1ccc(N=Nc2cc(C(O)=O)c(O)cc2)cc1C(O)=O,2,-1.69019608,0,"5,8,10,13,14,16"
661,Ondansetron,O=C1c2c(n(c3c2cccc3)C)CCC1Cn1ccnc1C,62,0.212608093,1,"5,8,10,12,13,14,15,16"
662,Orlistat,O1C(CC(OC(=O)C(NC=O)CC(C)C)CCCCCCCCCCC)C(CCCCCC)C1=O,1,-1.995635195,0,"5,8,13,14,16"
663,Orphenadrine,O(C(c1ccccc1C)c1ccccc1)CCN(C)C,90,0.954242509,1,"5,8,13,14,16"
664,Oseltamivir,O(C(CC)CC)C1C=C(CC(N)C1NC(=O)C)C(OCC)=O,75,0.477121255,1,"5,8,13,14,16"
665,Oseltamivir acid,O(C(CC)CC)C1C=C(CC(N)C1NC(=O)C)C(O)=O,79,0.575407797,1,"10,16"
666,Ouabain,O1C(C)C(O)C(O)C(O)C1OC1CC2(O)CCC3C(C2(CO)C(O)C1)C(O)CC1(C)C(CCC13O)C1=CC(OC1)=O,1,-1.995635195,0,"5,8,13,14,16"
667,OXACILLIN,S1C2N(C(C(O)=O)C1(C)C)C(=O)C2NC(=O)c1c(noc1C)-c1ccccc1,33,-0.307560863,0,"5,8,13,14,15,16"
668,Oxalic_acid,OC(=O)C(O)=O,7,-1.123384909,0,"5,8,13,14,16"
669,Oxandrolone,O1CC2(C(CC1=O)CCC1C3CCC(O)(C)C3(CCC12)C)C,97,1.50965048,1,"5,8,13,14,16"
670,Oxaprozin,o1c(c(nc1CCC(O)=O)-c1ccccc1)-c1ccccc1,98,1.69019608,1,"5,8,13,14,15,16"
671,Oxazepam,Clc1cc2c(NC(=O)C(O)N=C2c2ccccc2)cc1,97,1.50965048,1,"5,8,10,12,13,14,15,16"
672,Oxcarbazepine,O=C1Cc2c(N(c3c1cccc3)C(=O)N)cccc2,95,1.278753601,1,"5,8,13,14,16"
673,Oxiracetam,OC1CC(=O)N(C1)CC(=O)N,75,0.477121255,1,"10,16"
674,Oxitropium,O1C2C3[N+](C(CC(OC(=O)C(CO)c4ccccc4)C3)C12)(CC)C,1,-1.995635195,0,"5,8,13,14,16"
675,Oxprenolol,O(CC(O)CNC(C)C)c1ccccc1OCC=C,44,-0.104735351,0,"5,8,13,14,16"
676,Oxybutynin,O(C(=O)C(O)(C1CCCCC1)c1ccccc1)CC#CCN(CC)CC,6,-1.194976603,0,"5,8,12,13,14,16"
677,Oxycodone,O1C2C34CCN(C(Cc5c3c1c(OC)cc5)C4(O)CCC2=O)C,42,-0.140178703,0,"5,8,12,13,14,15,16"
678,Oxyfedrine,O(C)c1cc(ccc1)C(=O)CCNC(C(O)c1ccccc1)C,85,0.753327667,1,"5,8,13,14,16"
679,Oxymetazoline,Oc1c(C)c(CC=2NCCN=2)c(cc1C(C)(C)C)C,11,-0.907997321,0,"5,8,13,14,16"
680,Oxymorphone,O1C2C34CCN(C(Cc5c3c1c(O)cc5)C4(O)CCC2=O)C,10,-0.954242509,0,"5,8,13,14,16"
681,Oxytetracycline,CC1(C2C(C3C(C(=O)C(=C(C3(C(=O)C2=C(C4=C1C=CC=C4O)O)O)O)C(=O)N)N(C)C)O)O,58,0.140178703,1,"3,5,8,13,14,15,16"
682,Paclitaxel,O1C2CC(O)C3(C(C(OC(=O)c4ccccc4)C4(O)CC(OC(=O)C(O)C(NC(=O)c5ccccc5)c5ccccc5)C(=C(C4(C)C)C(OC(=O)C)C3=O)C)C2(OC(=O)C)C1)C,6.5,-1.157898254,0,"5,8,13,14,16"
683,Paliperidone,Fc1cc2onc(c2cc1)C1CCN(CC1)CCC=1C(=O)N2C(=NC=1C)C(O)CCC2,28,-0.410174465,0,"5,8,12,13,14,16"
684,Palonosetron,O=C1N(CC2CCCc3c2c1ccc3)C1C2CCN(C1)CC2,97,1.50965048,1,"5,8,13,14,16"
685,Pamidronate,P(O)(O)(=O)C(P(O)(O)=O)(O)CCN,1,-1.995635195,0,"5,8,13,14,16"
686,Pancuronium,O(C(=O)C)C1C2(C(CC1[N+]1(CCCCC1)C)C1C(CC2)C2(CC([N+]3(CCCCC3)C)C(OC(=O)C)CC2CC1)C)C,0,-2,0,"5,8,13,14,16"
687,Papaverine,O(C)c1cc(ccc1OC)Cc1nccc2c1cc(OC)c(OC)c2,28,-0.410174465,0,"5,8,10,13,14,15,16"
688,Paricalcitol,OC1CC(O)CC(C1)=CC=C1C2CCC(C(C=CC(C(O)(C)C)C)C)C2(CCC1)C,72,0.410174465,1,"5,8,10,13,14,16"
689,Paromomycin,O1C(CN)C(O)C(O)C(N)C1OC1C(O)C(OC1CO)OC1C(OC2OC(CO)C(O)C(O)C2N)C(N)CC(N)C1O,2,-1.69019608,0,"5,8,13,14,16"
690,Paroxetine,Fc1ccc(cc1)C1CCNCC1COc1cc2OCOc2cc1,50,0,0,"5,8,13,14,15,16"
691,Pefloxacin,Fc1cc2c(N(C=C(C(O)=O)C2=O)CC)cc1N1CCN(CC1)C,90,0.954242509,1,"5,8,10,13,14,16"
692,Penbutolol,O(CC(O)CNC(C)(C)C)c1ccccc1C1CCCC1,93,1.123384909,1,"5,8,13,14,16"
693,Penciclovir,O=C1N=C(Nc2n(cnc12)CCC(CO)CO)N,77,0.524762889,1,"5,8,10,13,14,16"
694,Penclomedine,Clc1c(OC)c(Cl)c(OC)nc1C(Cl)(Cl)Cl,49,-0.017374096,0,"5,8,13,14,16"
695,Penicillamine,SC(C(N)C(O)=O)(C)C,50,0,0,"5,8,13,14,15,16"
696,Penicillin_G,S1C2N(C(C(O)=O)C1(C)C)C(=O)C2NC(=O)Cc1ccccc1,30,-0.367976785,0,"3,5,8,13,14,16"
697,Pentaerythritol Tetranitrate,C(C(CO[N+](=O)[O-])(CO[N+](=O)[O-])CO[N+](=O)[O-])O[N+](=O)[O-],60,0.176091259,1,"5,8,13,14,16"
698,pentamidine,O(CCCCCOc1ccc(cc1)C(N)=N)c1ccc(cc1)C(N)=N,0,-2,0,"5,8,13,14,15,16"
699,Pentazocine,Oc1cc2c(CC3N(CCC2(C)C3C)CC=C(C)C)cc1,18,-0.658541347,0,"3,5,8,12,13,14,15,16"
700,Pentobarbital,O=C1NC(=O)NC(=O)C1(C(CCC)C)CC,80,0.602059991,1,"5,8,13,14,16"
701,Pentopril,O(C(=O)C(CC(C(=O)N1c2c(CC1C(O)=O)cccc2)C)C)CC,58,0.140178703,1,"5,8,13,14,16"
702,Pentosan,C1C(C(C(C(O1)OC2COC(C(C2O)O)OC3COC(C(C3O)O)O)O)O)O,3,-1.50965048,0,"15,16"
703,Pentosan Polysulfate,S(OC1C(OS(O)(=O)=O)C(OCC1OC1OCC(O)C(OS(O)(=O)=O)C1OS(O)(=O)=O)O)(O)(=O)=O,3,-1.50965048,0,"5,8,13,14,16"
704,Pentoxifylline,O=C1N(CCCCC(=O)C)C(=O)N(c2ncn(c12)C)C,25,-0.477121255,0,"5,8,12,13,14,15,16"
705,Pergolide,S(CC1CC2C(N(C1)CCC)Cc1c3c2cccc3[nH]c1)C,38,-0.212608093,0,"5,8,13,14,16"
706,Perhexiline,N1CCCCC1CC(C1CCCCC1)C1CCCCC1,73.5,0.443041465,1,"5,8,13,14,16"
707,Perindopril,O(C(=O)C(NC(C(=O)N1C2C(CC1C(O)=O)CCCC2)C)CCC)CC,25,-0.477121255,0,"5,8,13,14,15,16"
708,Perindoprilat,OC(=O)C1N(C2C(C1)CCCC2)C(=O)C(NC(CCC)C(O)=O)C,25,-0.477121255,0,"5,8,13,14,16"
709,Permethrin,ClC(Cl)=CC1C(C)(C)C1C(OCc1cc(Oc2ccccc2)ccc1)=O,60,0.176091259,1,"5,8,13,14,16"
710,Perphenazine,Clc1cc2N(c3c(Sc2cc1)cccc3)CCCN1CCN(CC1)CCO,40,-0.176091259,0,"5,8,13,14,16"
711,Phenacetin,O(CC)c1ccc(NC(=O)C)cc1,25,-0.477121255,0,"5,8,13,14,16"
712,Phencyclidine,N1(CCCCC1)C1(CCCCC1)c1ccccc1,72,0.410174465,1,"3,5,8,10,13,14,16"
713,Phenformin,N(=C(N=C(N)N)N)CCc1ccccc1,55,0.087150176,1,"5,8,13,14,16"
714,Phenindione,O=C1c2c(cccc2)C(=O)C1c1ccccc1,97,1.50965048,1,"5,8,13,14,16"
715,Pheniramine,CN(C)CCC(C1=CC=CC=C1)C2=CC=CC=N2,99,1.995635195,1,"5,8,13,14,16"
716,Phenobarbital,O=C1NC(=O)NC(=O)C1(CC)c1ccccc1,99,1.995635195,1,"3,5,8,10,12,13,14,15,16"
717,Phenoperidine,O(C(=O)C1(CCN(CC1)CCC(O)c1ccccc1)c1ccccc1)CC,20,-0.602059991,0,"5,8,13,14,16"
718,Phenoxybenzamine,ClCCN(Cc1ccccc1)C(COc1ccccc1)C,25,-0.477121255,0,"5,8,13,14,15,16"
719,Phenylbutazone,O=C1C(N(N(C1=O)c1ccccc1)c1ccccc1)CCCC,90,0.954242509,1,"5,8,12,13,14,15,16"
720,Phenylbutyrate,OC(=O)CCCc1ccccc1,78,0.549671922,1,"5,8,13,14,16"
721,Phenylephrine,Oc1cc(ccc1)C(O)CNC,35,-0.268845312,0,"5,8,13,14,15,16"
722,phenylpropanolamine,OC(C(N)C)c1ccccc1,95,1.278753601,1,"5,8,13,14,15,16"
723,Phenytoin,O=C1NNC(=O)C1(c1ccccc1)c1ccccc1,90,0.954242509,1,"3,5,8,10,12,13,14,15,16"
724,Physostigmine,O(C(=O)NC)c1cc2c(N(C3N(CCC23C)C)C)cc1,10,-0.954242509,0,"3,5,8,10,13,14,16"
725,Pimecrolimus,ClC1CCC(CC1OC)C=C(C)C1OC(=O)C2N(CCCC2)C(=O)C(=O)C2(OC(C(OC)CC2C)C(OC)CC(CC(=CC(CC)C(=O)CC(O)C1C)C)C)O,0,-2,0,"5,8,13,14,16"
726,Pimexone,O1c2c(ccc(OC)c2CN2CCCCC2)C(=O)c2c1cccc2,65,0.268845312,1,"5,8,13,14,16"
727,Pimozide,Fc1ccc(cc1)C(CCCN1CCC(N2c3c(NC2=O)cccc3)CC1)c1ccc(F)cc1,40,-0.176091259,0,"5,8,12,13,14,15,16"
728,Pinacidil,n1ccc(NC(=NC#N)NC(C(C)(C)C)C)cc1,57,0.1224064,1,"5,8,13,14,16"
729,Pindolol,O(CC(O)CNC(C)C)c1c2c([nH]cc2)ccc1,88,0.865301426,1,"5,8,10,12,13,14,15,16"
730,Pioglitazone,S1C(Cc2ccc(OCCc3ncc(cc3)CC)cc2)C(=O)NC1=O,83,0.688629171,1,"5,8,13,14,16"
731,Pipemidic_acid,O=C1c2c(nc(nc2)N2CCNCC2)N(C=C1C(O)=O)CC,93,1.123384909,1,"5,8,13,14,16"
732,Piperacillin,S1C2N(C(C(O)=O)C1(C)C)C(=O)C2NC(=O)C(NC(=O)N1CCN(CC)C(=O)C1=O)c1ccccc1,0,-2,0,"5,8,13,14,16"
733,Pipotiazine,S1c2c(N(c3c1cccc3)CCCN1CCC(CC1)CCO)cc(S(=O)(=O)N(C)C)cc2,26,-0.454258372,0,"3,5,8,13,14,16"
734,Pirazolac,Clc1ccc(cc1)-c1cn(nc1CC(O)=O)-c1ccc(F)cc1,93.5,1.157898254,1,"3,5,8,13,14,16"
735,Pirenzepine,O=C1Nc2cccnc2N(c2c1cccc2)C(=O)CN1CCN(CC1)C,14,-0.788370416,0,"5,8,13,14,16"
736,Piretanide,S(=O)(=O)(N)c1cc(cc(N2CCCC2)c1Oc1ccccc1)C(O)=O,92,1.06069784,1,"5,8,13,14,16"
737,Piritrexim,O(C)c1ccc(OC)cc1Cc1nc2c(nc1)c(C)c(nc2N)N,68,0.327358934,1,"5,8,13,14,16"
738,Pirmenol,OC(CCCN1C(CCCC1C)C)(c1ccccc1)c1ncccc1,83,0.688629171,1,"5,8,10,13,14,16"
739,Piroxicam,S1(=O)(=O)N(C)C(C(=O)Nc2ncccc2)=C(O)c2c1cccc2,99,1.995635195,1,"3,5,8,13,14,16"
740,Piroximone,O=C1NC(C(=O)c2ccncc2)=C(N1)CC,81,0.629731418,1,"5,8,13,14,16"
741,Pivampicillin,S1C2N(C(C(OCOC(=O)C(C)(C)C)=O)C1(C)C)C(=O)C2NC(=O)C(N)c1ccccc1,30.9,-0.349519568,0,"5,8,13,14,16"
742,Pizotyline,s1c2c(cc1)C(c1c(CC2)cccc1)=C1CCN(CC1)C,78,0.549671922,1,"5,8,13,14,16"
743,Porfimer,O(C(C)c1c2[nH]c(C=c3[nH]c(=CC4=NC(=CC5=NC(=C2)C(C)=C5CCC(O)=O)C(CCC(O)=O)=C4C)c(C)c3C(O)C)c1C)C(C)c1c=2[nH]c(=CC3=NC(=CC4=NC(=Cc5[nH]c(C=2)c(C)c5C(O)C)C(C)=C4CCC(O)=O)C(CCC(O)=O)=C3C)c1C,0,-2,0,"5,8,13,14,16"
744,Posaconazole,Fc1cc(F)ccc1C1(OCC(C1)COc1ccc(N2CCN(CC2)c2ccc(N3C=NN(C(C(O)C)CC)C3=O)cc2)cc1)Cn1ncnc1,96,1.380211242,1,"5,8,13,14,16"
745,Practolol,O(CC(O)CNC(C)C)c1ccc(NC(=O)C)cc1,99,1.995635195,1,"5,8,10,13,14,16"
746,Pramipexole,s1c2CC(NCCC)CCc2nc1N,93,1.123384909,1,"3,5,8,12,13,14,15,16"
747,Pravastatin,O(C(=O)C(CC)C)C1C2C(=CC(O)C1)C=CC(C)C2CCC(O)CC(O)CC(O)=O,18,-0.658541347,0,"3,5,8,10,12,13,14,15,16"
748,Praziquantel,O=C1N2C(c3c(CC2)cccc3)CN(C1)C(=O)C1CCCCC1,7,-1.123384909,0,"5,8,13,14,16"
749,Prazosin,o1cccc1C(=O)N1CCN(CC1)c1nc(N)c2cc(OC)c(OC)cc2n1,68,0.327358934,1,"3,5,8,10,12,13,14,15,16"
750,Prednisolone,OC1(CCC2C3C(C4(C(=CC(=O)C=C4)CC3)C)C(O)CC12C)C(=O)CO,82,0.658541347,1,"5,8,10,12,13,14,15,16"
751,Prednisolone phosphate,P(OCC(=O)C1(O)CCC2C3C(C4(C(=CC(=O)C=C4)CC3)C)C(O)CC12C)(O)(O)=O,82,0.658541347,1,"3,16"
752,Prednisone,OC1(CCC2C3C(C4(C(=CC(=O)C=C4)CC3)C)C(=O)CC12C)C(=O)CO,70,0.367976785,1,"3,5,8,10,12,13,14,15,16"
753,Pregabalin,OC(=O)CC(CC(C)C)CN,90,0.954242509,1,"5,8,13,14,16"
754,Prenalterol,O(CC(O)CNC(C)C)c1ccc(O)cc1,33,-0.307560863,0,"5,8,13,14,16"
755,Primaquine,O(C)c1cc(NC(CCCN)C)c2ncccc2c1,96,1.380211242,1,"5,8,13,14,15,16"
756,Primidone,O=C1NCNC(=O)C1(CC)c1ccccc1,92,1.06069784,1,"3,5,8,12,13,14,15,16"
757,Probenecid,S(=O)(=O)(N(CCC)CCC)c1ccc(cc1)C(O)=O,99,1.995635195,1,"5,8,10,12,13,14,15,16"
758,Probucol,S(C(Sc1cc(C(C)(C)C)c(O)c(c1)C(C)(C)C)(C)C)c1cc(C(C)(C)C)c(O)c(c1)C(C)(C)C,5,-1.278753601,0,"5,8,13,14,15,16"
759,Procainamide,O=C(NCCN(CC)CC)c1ccc(N)cc1,83,0.688629171,1,"3,5,8,10,12,13,14,15,16"
760,Procaine,O(C(=O)c1ccc(N)cc1)CCN(CC)CC,0,-2,0,"5,8,13,14,16"
761,Procaterol,Oc1c2NC(=O)C=Cc2c(cc1)C(O)C(NC(C)C)CC,40,-0.176091259,0,"5,8,13,14,16"
762,Prochlorperazine,Clc1cc2N(c3c(Sc2cc1)cccc3)CCCN1CCN(CC1)C,15,-0.753327667,0,"5,8,13,14,16"
763,Progabide,Clc1ccc(cc1)C(NCCCC(=O)N)=C1C=C(F)C=CC1=O,60,0.176091259,1,"5,8,13,14,16"
764,Progesterone,O=C1CCC2(C3C(C4CCC(C(=O)C)C4(CC3)C)CCC2=C1)C,25,-0.477121255,0,"5,8,13,14,16"
765,Proguanil,Clc1ccc(NC(=NC(=NC(C)C)N)N)cc1,60,0.176091259,1,"5,8,13,14,16"
766,Promazine,S1c2c(N(c3c1cccc3)CCCN(C)C)cccc2,16.25,-0.71213145,0,"5,8,13,14,16"
767,Promethazine,S1c2c(N(c3c1cccc3)CC(N(C)C)C)cccc2,25,-0.477121255,0,"5,8,12,13,14,16"
768,Propafenone,O(CC(O)CNCCC)c1ccccc1C(=O)CCc1ccccc1,12,-0.865301426,0,"5,8,13,14,15,16"
769,Propiomazine,S1c2c(N(c3c1cccc3)CC(N(C)C)C)cc(cc2)C(=O)CC,33,-0.307560863,0,"5,8,13,14,16"
770,Propranolol,O(CC(O)CNC(C)C)c1c2c(ccc1)cccc2,26,-0.454258372,0,"5,8,10,12,13,14,15,16"
771,Propylthiouracil,S=C1NC(=CC(=O)N1)CCC,85,0.753327667,1,"3,5,8,10,13,14,15,16"
772,Proquazone,O=C1N=C(c2c(N1C(C)C)cc(cc2)C)c1ccccc1,7,-1.123384909,0,"5,8,13,14,16"
773,Proscillaridin,O1C(C)C(O)C(O)C(O)C1OC1CCC2(C3C(CCC2=C1)C1(O)CCC(C1(CC3)C)C=1C=CC(OC=1)=O)C,7,-1.123384909,0,"3,5,8,13,14,16"
774,Prothionamide,S=C(N)c1cc(ncc1)CCC,99,1.995635195,1,"5,8,13,14,16"
775,Protriptyline,N(CCCC1c2c(C=Cc3c1cccc3)cccc2)C,85,0.753327667,1,"3,5,8,12,13,14,15,16"
776,Proxyphylline,O=C1N(C)C(=O)N(c2ncn(c12)CC(O)C)C,99,1.995635195,1,"5,8,13,14,16"
777,Pyrazinamide,O=C(N)c1nccnc1,90,0.954242509,1,"5,8,13,14,16"
778,Pyridostigmine,O(C(=O)N(C)C)c1ccc[n+](c1)C,7.6,-1.084858379,0,"5,8,10,12,13,14,15,16"
779,Pyrimethamine,Clc1ccc(cc1)-c1c(nc(nc1N)N)CC,90,0.954242509,1,"15,16"
780,Pyrvinium,[n+]1(c2c(cc(N(C)C)cc2)ccc1C=Cc1cc(n(c1C)-c1ccccc1)C)C,5,-1.278753601,0,"15,16"
781,Quazepam,Clc1cc2c(N(CC(F)(F)F)C(=S)CN=C2c2ccccc2F)cc1,32,-0.327358934,0,"5,8,13,14,16"
782,Quetiapine,S1c2c(cccc2)C(=Nc2c1cccc2)N1CCN(CC1)CCOCCO,9,-1.004798883,0,"5,8,12,13,14,16"
783,Quinagolide,S(=O)(=O)(NC1CC2C(N(C1)CCC)Cc1c(C2)c(O)ccc1)N(CC)CC,99,1.995635195,1,"5,8,13,14,16"
784,Quinapril,O(C(=O)C(NC(C(=O)N1CCc2c(cccc2)C1C(O)=O)C)CCc1ccccc1)CC,60,0.176091259,1,"15,16"
785,Quinaprilat,OC(=O)C1N(c2c(CC1)cccc2)C(=O)C(NC(CCc1ccccc1)C(O)=O)C,52,0.034762106,1,"5,8,10,12,13,14,16"
786,Quinidine,O(C)c1cc2c(nccc2C(O)C2N3CC(C(C2)CC3)C=C)cc1,75,0.477121255,1,"3,5,8,10,12,13,14,16"
787,Rabeprazole,S(=O)(Cc1nccc(OCCCOC)c1C)c1[nH]c2c(n1)cccc2,52,0.034762106,1,"5,8,10,12,13,14,15,16"
788,Raffinose,O1C(OC2OC(COC3OC(CO)C(O)C(O)C3O)C(O)C(O)C2O)(CO)C(O)C(O)C1CO,0,-2,0,"5,8,13,14,16"
789,Raloxifene,s1c2c(ccc(O)c2)c(C(=O)c2ccc(OCCN3CCCCC3)cc2)c1-c1ccc(O)cc1,2,-1.69019608,0,"3,5,8,12,13,14,15,16"
790,Raltegravir,Fc1ccc(cc1)CNC(O)=C1N=C(N(C)C(=O)C1=O)C(NC(=O)c1oc(nn1)C)(C)C,31.8,-0.331357255,0,"12,16"
791,Raltitrexed,s1c(ccc1N(Cc1cc2c(NC(=NC2=O)C)cc1)C)C(=O)NC(CCC(O)=O)C(O)=O,15,-0.753327667,0,"5,8,13,14,16"
792,Ramelteon,O1CCc2c3c(CCC3CCNC(=O)CC)ccc12,1.8,-1.736838983,0,"5,8,12,13,14,16"
793,Ramipril,O(C(=O)C(NC(C(=O)N1C2C(CC1C(O)=O)CCC2)C)CCc1ccccc1)CC,28,-0.410174465,0,"5,8,12,13,14,15,16"
794,Ramiprilat,OC(=O)C1N(C2C(C1)CCC2)C(=O)C(NC(CCc1ccccc1)C(O)=O)C,44,-0.104735351,0,"5,8,12,13,14,16"
795,Ramixotidine,O=n1ccccc1C(=O)NCCSCc2ccc(CN(C)C)o2,60,0.176091259,1,"5,8,13,14,16"
796,Ranitidine,S(Cc1oc(cc1)CN(C)C)CCNC(NC)=C[N+](=O)[O-],52,0.034762106,1,"5,8,10,12,13,14,15,16"
797,Ranolazine,O(CC(O)CN1CCN(CC1)CC(=O)Nc1c(cccc1C)C)c1ccccc1OC,42.5,-0.131278915,0,"5,8,13,14,16"
798,Rasagiline,N(CC#C)C1CCc2c1cccc2,36,-0.249877473,0,"5,8,13,14,16"
799,Reboxetine,O1CCNCC1C(Oc1ccccc1OCC)c1ccccc1,94,1.194976603,1,"5,8,10,13,14,16"
800,Recainam,O=C(Nc1c(cccc1C)C)NCCCNC(C)C,73,0.431959096,1,"10,16"
801,Remikiren,S(=O)(=O)(C(C)(C)C)CC(Cc1ccccc1)C(=O)NC(Cc1[nH]cnc1)C(=O)NC(CC1CCCCC1)C(O)C(O)C1CC1,1,-1.995635195,0,"5,8,13,14,16"
802,Remoxipride,Brc1ccc(OC)c(C(=O)NCC2N(CCC2)CC)c1OC,90,0.954242509,1,"5,8,10,13,14,16"
803,Repaglinide,O(CC)c1cc(ccc1C(O)=O)CC(=O)NC(CC(C)C)c1ccccc1N1CCCCC1,56,0.104735351,1,"3,5,8,10,12,13,14,15,16"
804,Reproterol,Oc1cc(cc(O)c1)C(O)CNCCCn1c2c(nc1)N(C)C(=O)N(C)C2=O,50,0,0,"5,8,13,14,16"
805,Reserpine,O(C)C1C(C2C(CC1OC(=O)c1cc(OC)c(OC)c(OC)c1)CN1C(C3=Nc4c(C3CC1)cccc4OC)C2)C(OC)=O,50,0,0,"5,8,13,14,16"
806,Ribavirin,O1C(CO)C(O)C(O)C1n1nc(nc1)C(=O)N,60,0.176091259,1,"3,5,8,12,13,14,15,16"
807,Rifabutin,O1c2c3c4c(c(O)c2C)C(=O)C(NC(=O)C(=CC=CC(C)C(O)C(C)C(O)C(C)C(OC(=O)C)C(C)C(OC)C=COC1(C)C3=O)C)=C1NC2(N=C14)CCN(CC2)CC(C)C,20,-0.602059991,0,"5,8,10,12,13,14,15,16"
808,Rifampin,O1c2c3c4c(c(O)c2C)c(O)c(NC(=O)C(=CC=CC(C)C(O)C(C)C(O)C(C)C(OC(=O)C)C(C)C(OC)C=COC1(C)C3=O)C)c(C=NN1CCN(CC1)C)c4O,70,0.367976785,1,"3,5,8,10,13,14,15,16"
809,Rifapentine,O1c2c3c4c(c(O)c2C)c(O)c(NC(=O)C(=CC=CC(C)C(O)C(C)C(O)C(C)C(OC(=O)C)C(C)C(OC)C=COC1(C)C3=O)C)c(C=NN1CCN(CC1)C1CCCC1)c4O,70,0.367976785,1,"5,8,13,14,15,16"
810,Rifaximin,O1c2c3c4c(c(O)c2C)c(O)c(NC(=O)C(=CC=CC(C)C(O)C(C)C(O)C(C)C(OC(=O)C)C(C)C(OC)C=COC1(C)C3=O)C)c1n2c(nc14)C=C(C=C2)C,1,-1.995635195,0,"5,8,13,14,16"
811,Riluzole,s1c2cc(OC(F)(F)F)ccc2nc1N,64,0.249877473,1,"5,8,12,13,14,15,16"
812,Risedronate,P(O)(O)(=O)C(P(O)(O)=O)(O)Cc1cccnc1,1,-1.995635195,0,"5,8,10,13,14,15,16"
813,Risperidone,Fc1cc2onc(c2cc1)C1CCN(CC1)CCC=1C(=O)N2C(=NC=1C)CCCC2,66,0.288065018,1,"3,5,8,10,12,13,14,15,16"
814,Ritodrine,Oc1ccc(cc1)C(O)C(NCCc1ccc(O)cc1)C,30,-0.367976785,0,"5,8,13,14,15,16"
815,Ritonavir,s1cncc1COC(=O)NC(Cc1ccccc1)C(O)CC(NC(=O)C(NC(=O)N(Cc1nc(sc1)C(C)C)C)C(C)C)Cc1ccccc1,70,0.367976785,1,"5,8,10,13,14,15,16"
816,Rivastigmine,O(C(=O)N(CC)C)c1cc(ccc1)C(N(C)C)C,72,0.410174465,1,"5,8,12,13,14,15,16"
817,Rizatriptan,[nH]1cc(c2cc(ccc12)Cn1ncnc1)CCN(C)C,45,-0.087150176,0,"3,5,8,12,13,14,15,16"
818,Rofecoxib,S(=O)(=O)(C)c1ccc(cc1)C=1COC(=O)C=1c1ccccc1,93,1.123384909,1,"3,5,8,13,14,15,16"
819,Rolipram,O(c1cc(ccc1OC)C1CC(=O)NC1)C1CCCC1,75,0.477121255,1,"5,8,13,14,16"
820,Ropinirole,O=C1Nc2c(C1)c(ccc2)CCN(CCC)CCC,55,0.087150176,1,"3,5,8,12,13,14,15,16"
821,Roquinimex,OC=1N(c2c(cccc2)C(=O)C=1C(=O)N(C)c1ccccc1)C,99,1.995635195,1,"10,16"
822,Rosaramicin,O1C(OC2C(C)C(O)CC(OC(CC)C(C3OC3(C=CC(=O)C(CC2CC=O)C)C)C)=O)C(O)C(N(C)C)CC1C,32,-0.327358934,0,"5,8,13,14,16"
823,Rosiglitazone,S1C(Cc2ccc(OCCN(C)c3ncccc3)cc2)C(=O)NC1=O,99,1.995635195,1,"5,8,10,12,13,14,15,16"
824,Rosuvastatin,S(=O)(=O)(N(C)c1nc(-c2ccc(F)cc2)c(C=CC(O)CC(O)CC(O)=O)c(n1)C(C)C)C,20,-0.602059991,0,"5,8,10,12,13,14,16"
825,Roxithromycin,O1C(CC)C(O)(C)C(O)C(C)C(=NOCOCCOC)C(CC(O)(C)C(OC2OC(CC(N(C)C)C2O)C)C(C)C(OC2OC(C)C(O)C(OC)(C2)C)C(C)C1=O)C,50,0,0,"5,8,13,14,16"
826,Rufinamide,Fc1cccc(F)c1Cn1nnc(c1)C(=O)N,85,0.753327667,1,"5,8,13,14,16"
827,Saccharin,S1(=O)(=O)NC(=O)c2c1cccc2,84,0.720159303,1,"3,5,8,13,14,16"
828,S-Adenosylmethionine,S(=[CH]C1OC(n2c3ncnc(N)c3nc2)C(O)C1O)(CCC(N)C(O)=O)C,5,-1.278753601,0,"5,8,13,14,16"
829,Salicylic Acid,Oc1ccccc1C(O)=O,99,1.995635195,1,"5,8,12,13,14,15,16"
830,Scopolamine,O1C2C3N(C(CC(OC(=O)C(CO)c4ccccc4)C3)C12)C,27,-0.431959096,0,"5,8,10,12,13,14,15,16"
831,Selegiline; (-)-Deprenil,N(C(Cc1ccccc1)C)(CC#C)C,4.4000001,-1.337005205,0,"5,8,10,12,13,14,16"
832,Sematilide,S(=O)(=O)(Nc1ccc(cc1)C(=O)NCCN(CC)CC)C,61.3,0.199749509,1,"10,16"
833,Sertaconazole,Clc1cc(Cl)ccc1C(OCc1c2c(sc1)c(Cl)ccc2)Cn1ccnc1,0,-2,0,"5,8,13,14,16"
834,Sertindole,Clc1cc2c(n(cc2C2CCN(CC2)CCN2CCNC2=O)-c2ccc(F)cc2)cc1,74,0.454258372,1,"5,8,13,14,16"
835,Sertraline,Clc1cc(ccc1Cl)C1CCC(NC)c2c1cccc2,44,-0.104735351,0,"5,8,13,14,16"
836,Sildenafil,S(=O)(=O)(N1CCN(CC1)C)c1cc(C=2NC(=O)c3n(nc(c3N=2)CCC)C)c(OCC)cc1,38,-0.212608093,0,"3,5,8,10,12,13,14,15,16"
837,Silodosin,FC(F)(F)COc1ccccc1OCCNC(Cc1cc(c2N(CCc2c1)CCCO)C(=O)N)C,32,-0.327358934,0,"5,8,13,14,16"
838,Simvastatin,O1C(CC(O)CC1=O)CCC1C2C(=CC(CC2OC(=O)C(CC)(C)C)C)C=CC1C,3,-1.50965048,0,"3,5,8,12,13,14,15,16"
839,Sirolimus,O1C(CC(=O)C(C=C(C)C(O)C(OC)C(=O)C(CC(C=CC=CC=C(C)C(OC)CC2OC(O)(C(=O)C(=O)N3C(CCCC3)C1=O)C(CC2)C)C)C)C)C(CC1CC(OC)C(O)CC1)C,15,-0.753327667,0,"3,5,8,12,13,14,15,16"
840,Sitafloxacin,Clc1c2N(C=C(C(O)=O)C(=O)c2cc(F)c1N1CC2(CC2)C(N)C1)C1CC1F,89,0.907997321,1,"5,8,10,13,14,16"
841,Sitagliptin,Fc1cc(F)c(F)cc1CC(N)CC(=O)N1CCn2c(nnc2C(F)(F)F)C1,87,0.8255759,1,"5,8,10,12,13,14,16"
842,Solifenacin,O(C(=O)N1CCc2c(cccc2)C1c1ccccc1)C1C2CCN(C1)CC2,90,0.954242509,1,"5,8,10,12,13,14,16"
843,Sorafenib,Clc1ccc(NC(=O)Nc2ccc(Oc3cc(ncc3)C(=O)NC)cc2)cc1C(F)(F)F,39,-0.194265228,0,"5,8,13,14,16"
844,Sotalol,CC(C)NCC(C1=CC=C(C=C1)NS(=O)(=O)C)O,95,1.278753601,1,"5,8,10,13,14,15,16"
845,Sparfloxacin,Fc1c(N2CC(NC(C2)C)C)c(F)c2N(C=C(C(O)=O)C(=O)c2c1N)C1CC1,92,1.06069784,1,"5,8,10,13,14,15,16"
846,Spiramycin,O1C(C)C(OC2OC(C)C(O)C(O)(C2)C)C(N(C)C)C(O)C1OC1C(OC)C(O)CC(OC(CC=CC=CC(OC2OC(C)C(N(C)C)CC2)C(CC1CC=O)C)C)=O,35,-0.268845312,0,"5,8,13,14,15,16"
847,Spironolactone,S(C(=O)C)C1C2C3CCC4(OC(=O)CC4)C3(CCC2C2(C(C1)=CC(=O)CC2)C)C,25,-0.477121255,0,"3,5,8,13,14,15,16"
848,Stavudine,O1C(C=CC1N1C=C(C)C(=O)NC1=O)CO,82,0.658541347,1,"5,8,12,13,14,15,16"
849,Streptomycin,O1C(CO)C(O)C(O)C(NC)C1OC1C(O)(C=O)C(OC1OC1C(NC(N)=N)C(O)C(NC(N)=N)C(O)C1O)C,1,-1.995635195,0,"5,8,13,14,16"
850,Streptozocin,O1C(CO)C(O)C(O)C(NC(=O)N(N=O)C)C1O,21,-0.575407797,0,"5,8,13,14,16"
851,Succimer,SC(C(S)C(O)=O)C(O)=O,20,-0.602059991,0,"5,8,13,14,16"
852,Succinylcholine,O(C(=O)CCC(OCC[N+](C)(C)C)=O)CC[N+](C)(C)C,0,-2,0,"5,8,13,14,16"
853,Sufentanil,s1cccc1CCN1CCC(N(C(=O)CC)c2ccccc2)(CC1)COC,0,-2,0,"10,16"
854,Sulfadiazine,S(=O)(=O)(Nc1ncccn1)c1ccc(N)cc1,90,0.954242509,1,"5,8,10,12,13,14,15,16"
855,Sulfadimethoxine,S(=O)(=O)(Nc1nc(OC)nc(OC)c1)c1ccc(N)cc1,59.099998,0.159864137,1,"5,8,13,14,16"
856,Sulfamerazine,S(=O)(=O)(Nc1nc(ccn1)C)c1ccc(N)cc1,81,0.629731418,1,"5,8,13,14,16"
857,Sulfamethazine,S(=O)(=O)(Nc1nc(cc(n1)C)C)c1ccc(N)cc1,86.5,0.806682339,1,"5,8,13,14,16"
858,Sulfamethoxazole,S(=O)(=O)(Nc1noc(c1)C)c1ccc(N)cc1,99,1.995635195,1,"5,8,10,12,13,14,15,16"
859,Sulfasalazine,S(=O)(=O)(Nc1ncccc1)c1ccc(N=Nc2cc(C(O)=O)c(O)cc2)cc1,15,-0.753327667,0,"5,8,10,12,13,14,15,16"
860,Sulfinpyrazone,S(=O)(CCC1C(=O)N(N(C1=O)c1ccccc1)c1ccccc1)c1ccccc1,99,1.995635195,1,"10,12,15,16"
861,Sulfisoxazole,CC1=C(ON=C1C)NS(=O)(=O)C2=CC=C(C=C2)N,96,1.380211242,1,"5,8,10,13,14,15,16"
862,Sulindac,S(=O)(C)c1ccc(cc1)C=C1c2c(cc(F)cc2)C(CC(O)=O)=C1C,88,0.865301426,1,"5,8,13,14,15,16"
863,Sulpiride,S(=O)(=O)(N)c1cc(C(=O)NCC2CCN(C2)CC)c(OC)cc1,27,-0.431959096,0,"5,8,10,13,14,16"
864,Sumatriptan,S(=O)(=O)(NC)Cc1cc2c([nH]cc2CCN(C)C)cc1,14,-0.788370416,0,"5,8,10,12,13,14,15,16"
865,Sunitinib,Fc1cc2c(NC(=O)C2=Cc2[nH]c(C)c(C(=O)NCCN(CC)CC)c2C)cc1,54.5,0.078385106,1,"5,8,13,14,16"
866,Suprofen,s1cccc1C(=O)c1ccc(cc1)C(C(O)=O)C,92,1.06069784,1,"5,8,10,13,14,16"
867,Suramin,S(O)(=O)(=O)c1c2c(cc(S(O)(=O)=O)c1)c(S(O)(=O)=O)ccc2NC(=O)c1cc(NC(=O)c2cc(NC(=O)Nc3cc(ccc3)C(=O)Nc3cc(ccc3C)C(=O)Nc3c4c(cc(S(O)(=O)=O)cc4S(O)(=O)=O)c(S(O)(=O)=O)cc3)ccc2)c(cc1)C,0,-2,0,"5,8,10,13,14,16"
868,Tacrine,n1c2c(CCCC2)c(N)c2c1cccc2,17,-0.688629171,0,"5,8,13,14,15,16"
869,Tacrolimus,O1C(C(=CC2CC(OC)C(O)CC2)C)C(C)C(O)CC(=O)C(C=C(CC(CC(OC)C2OC(O)(C(=O)C(=O)N3C(CCCC3)C1=O)C(CC2OC)C)C)C)CC=C,25,-0.477121255,0,"3,5,8,10,12,13,14,15,16"
870,Tadalafil,O1c2cc(ccc2OC1)C1N2C(Cc3c1[nH]c1c3cccc1)C(=O)N(CC2=O)C,16,-0.720159303,0,"5,8,13,14,16"
871,Talinolol,O(CC(O)CNC(C)(C)C)c1ccc(NC(=O)NC2CCCCC2)cc1,55,0.087150176,1,"5,8,10,13,14,15,16"
872,Tamsulosin,S(=O)(=O)(N)c1cc(ccc1OC)CC(NCCOc1ccccc1OCC)C,99,1.995635195,1,"5,8,10,12,13,14,15,16"
873,Tasosartan,O=C1N(c2nc(nc(c2CC1)C)C)Cc1ccc(cc1)-c1ccccc1-c1nn[nH]n1,50,0,0,"5,8,13,14,16"
874,Tegaserod,O(C)c1cc2c([nH]cc2C=NNC(NCCCCC)=N)cc1,11,-0.907997321,0,"5,8,10,13,14,16"
875,Telbivudine,O1C(CO)C(O)CC1N1C=C(C)C(=O)NC1=O,68,0.327358934,1,"5,8,13,14,16"
876,Telenzepine,s1cc2c(N(c3c(NC2=O)cccc3)C(=O)CN2CCN(CC2)C)c1C,54,0.069635928,1,"3,5,8,13,14,16"
877,Telithromycin,O1C(CC)C2(OC(=O)N(C2C(C)C(=O)C(CC(OC)(C)C(OC2OC(CC(N(C)C)C2O)C)C(C)C(=O)C(C)C1=O)C)CCCCn1cc(nc1)-c1cccnc1)C,57,0.1224064,1,"3,5,8,12,13,14,16"
878,Telmisartan,CCCc1nc2c(C)cc(cc2n1Cc3ccc(cc3)c4ccccc4C(=O)O)c5nc6ccccc6n5C,50,0,0,"5,8,10,13,14,15,16"
879,Temafloxacin,Fc1cc(F)ccc1N1C=C(C(O)=O)C(=O)c2cc(F)c(N3CC(NCC3)C)cc12,95,1.278753601,1,"5,8,13,14,16"
880,Temazepam,Clc1cc2c(N(C)C(=O)C(O)N=C2c2ccccc2)cc1,91,1.004798883,1,"5,8,12,13,14,15,16"
881,Temozolomide,O=C1N(N=Nc2c1[nH]nc2C(=O)N)C,96,1.380211242,1,"5,8,13,14,15,16"
882,Teniposide,s1cccc1C1OC2C(OC(OC3C4C(C(c5c3cc3OCOc3c5)c3cc(OC)c(O)c(OC)c3)C(OC4)=O)C(O)C2O)CO1,41,-0.158068155,0,"5,8,13,14,16"
883,Tenofovir,P(O)(O)(=O)COC(Cn1c2ncnc(N)c2nc1)C,25,-0.477121255,0,"5,8,12,13,14,16"
884,Tenoxicam,s1c2c(S(=O)(=O)N(C)C(C(=O)Nc3ncccc3)=C2O)cc1,99,1.995635195,1,"5,8,10,13,14,16"
885,Terazosin,O1CCCC1C(=O)N1CCN(CC1)c1nc(N)c2cc(OC)c(OC)cc2n1,90,0.954242509,1,"5,8,10,12,13,14,15,16"
886,Terbinafine,N(Cc1c2c(ccc1)cccc2)(CC=CC#CC(C)(C)C)C,40,-0.176091259,0,"5,8,13,14,15,16"
887,Terbutaline,Oc1cc(cc(O)c1)C(O)CNC(C)(C)C,14,-0.788370416,0,"5,8,10,12,13,14,15,16"
888,Terfenadine,OC(C1CCN(CC1)CCCC(O)c1ccc(cc1)C(C)(C)C)(c1ccccc1)c1ccccc1,1,-1.995635195,0,"5,8,13,14,15,16"
889,Terguride,O=C(NC1CC2C(N(C1)C)Cc1c3c2cccc3[nH]c1)N(CC)CC,30,-0.367976785,0,"5,8,13,14,16"
890,Terodiline,N(C(C)(C)C)C(CC(c1ccccc1)c1ccccc1)C,82,0.658541347,1,"5,8,10,13,14,16"
891,Tertatolol,S1c2c(CCC1)cccc2OCC(O)CNC(C)(C)C,60,0.176091259,1,"5,8,13,14,16"
892,Tesaglitazar,S(Oc1ccc(cc1)CCOc1ccc(cc1)CC(OCC)C(O)=O)(=O)(=O)C,99,1.995635195,1,"5,8,10,13,14,16"
893,Testosterone,OC1CCC2C3C(CCC12C)C1(C(=CC(=O)CC1)CC3)C,4,-1.380211242,0,"3,5,8,13,14,16"
894,Tetrabenazine,O(C)c1cc2C3N(CC(CC(C)C)C(=O)C3)CCc2cc1OC,5,-1.278753601,0,"5,8,13,14,16"
895,Tetracycline,CC1(O)C2CC3C(N(C)C)C(C(C(N)=O)=C(O)C3(O)C(C2=C(O)C4=C1C=CC=C4O)=O)=O,77,0.524762889,1,"3,5,8,10,12,13,14,15,16"
896,Thiamine,s1c[n+](Cc2cnc(nc2N)C)c(C)c1CCO,4.5,-1.326790858,0,"5,8,13,14,16"
897,Thiocyanate,S=C=Nc1c2c(ccc1)cccc2,99,1.995635195,1,"5,8,13,14,16"
898,Thioguanine,S=C1N=C(Nc2nc[nH]c12)N,30,-0.367976785,0,"5,8,13,14,16"
899,Thioridazine,S1c2c(N(c3c1cccc3)CCC1N(CCCC1)C)cc(SC)cc2,40,-0.176091259,0,"5,8,13,14,15,16"
900,Tiagabine,s1ccc(C)c1C(=CCCN1CC(CCC1)C(O)=O)c1sccc1C,90,0.954242509,1,"3,5,8,10,12,13,14,15,16"
901,Tianeptine,Clc1cc2S(=O)(=O)N(c3c(cccc3)C(NCCCCCCC(O)=O)c2cc1)C,99,1.995635195,1,"5,8,13,14,16"
902,Tiapamil,S1(=O)(=O)CCCS(=O)(=O)C1(CCCN(CCc1cc(OC)c(OC)cc1)C)c1cc(OC)c(OC)cc1,42.5,-0.131278915,0,"3,5,8,13,14,16"
903,Tiaprofenic Acid,s1c(ccc1C(C(O)=O)C)C(=O)c1ccccc1,90,0.954242509,1,"5,8,13,14,16"
904,Ticarcillin,CC1(C)SC2C(NC(=O)C(C(O)=O)c3cc[s]c3)C(=O)N2C1C(O)=O,0,-2,0,"5,8,13,14,16"
905,Ticlopidine,Clc1ccccc1CN1CCc2sccc2C1,80,0.602059991,1,"5,8,13,14,16"
906,Tigecycline,CC(C)(C)NCC(=O)NC1=C(C2=C(CC3CC4C(C(=O)C(=C(C4(C(=O)C3=C2O)O)O)C(=O)N)N(C)C)C(=C1)N(C)C)O,0,-2,0,"5,8,13,14,16"
907,Tilidine,O(C(=O)C1(CCC=CC1N(C)C)c1ccccc1)CC,90,0.954242509,1,"5,8,10,13,14,15,16"
908,Tiludronic Acid,Clc1ccc(SC(P(O)(O)=O)P(O)(O)=O)cc1,6,-1.194976603,0,"5,8,13,14,15,16"
909,Timolol,s1nc(N2CCOCC2)c(OCC(O)CNC(C)(C)C)n1,61,0.194265228,1,"5,8,10,12,13,14,15,16"
910,Tinidazole,S(=O)(=O)(CCn1c(ncc1[N+](=O)[O-])C)CC,98,1.69019608,1,"5,8,10,13,14,16"
911,Tiopronin,SC(C(=O)NCC(O)=O)C,63,0.231138825,1,"5,8,13,14,16"
912,Tiotropium,s1cccc1C(O)(C(OC1CC2[N+](C(C1)C1OC12)(C)C)=O)c1sccc1,2.5,-1.591064607,0,"5,8,13,14,16"
913,Tirofiban,S(=O)(=O)(NC(Cc1ccc(OCCCCC2CCNCC2)cc1)C(O)=O)CCCC,0,-2,0,"5,8,13,14,16"
914,Tizanidine,Clc1ccc2nsnc2c1NC=1NCCN=1,21,-0.575407797,0,"5,8,10,13,14,15,16"
915,Tobramycin,O1C(CO)C(O)C(N)C(O)C1OC1C(O)C(OC2OC(CN)C(O)CC2N)C(N)CC1N,1,-1.995635195,0,"5,8,13,14,16"
916,Tocainide,O=C(Nc1c(cccc1C)C)C(N)C,89,0.907997321,1,"5,8,10,12,13,14,15,16"
917,Tolbutamide,S(=O)(=O)(NC(=O)NCCCC)c1ccc(cc1)C,85,0.753327667,1,"3,5,8,10,12,13,14,15,16"
918,Tolcapone,Oc1c([N+](=O)[O-])cc(cc1O)C(=O)c1ccc(cc1)C,62,0.212608093,1,"5,8,12,13,14,15,16"
919,Tolfenamic Acid,Clc1cccc(Nc2ccccc2C(O)=O)c1C,60,0.176091259,1,"5,8,13,14,16"
920,Toliprolol,O(CC(O)CNC(C)C)c1cc(ccc1)C,90,0.954242509,1,"5,8,13,14,16"
921,Tolmesoxide,S(=O)(C)c1cc(OC)c(OC)cc1C,85,0.753327667,1,"5,8,13,14,16"
922,Tolmetin,OC(=O)Cc1n(C)c(cc1)C(=O)c1ccc(cc1)C,95,1.278753601,1,"5,8,13,14,15,16"
923,Toloxatone,O1C(CN(c2cc(ccc2)C)C1=O)CO,56,0.104735351,1,"5,8,13,14,16"
924,Topiramate,S(OCC12OC(OC1C1OC(OC1CO2)(C)C)(C)C)(=O)(=O)N,70,0.367976785,1,"3,5,8,12,13,14,15,16"
925,Topotecan,O1CC2=C(C=C3N(Cc4c3nc3c(c4)c(CN(C)C)c(O)cc3)C2=O)C(O)(CC)C1=O,32,-0.327358934,0,"3,5,8,12,13,14,15,16"
926,Toremifene,ClCCC(=C(c1ccc(OCCN(C)C)cc1)c1ccccc1)c1ccccc1,99,1.995635195,1,"5,8,13,14,16"
927,Torsemide,S(=O)(=O)(NC(=O)NC(C)C)c1cnccc1Nc1cc(ccc1)C,91,1.004798883,1,"5,8,13,14,16"
928,Tramadol,O(C)c1cc(ccc1)C1(O)CCCCC1CN(C)C,72.5,0.421005313,1,"3,5,8,10,13,14,15,16"
929,Trandolapril,O(C(=O)C(NC(C(=O)N1C2C(CC1C(O)=O)CCCC2)C)CCc1ccccc1)CC,10,-0.954242509,0,"3,5,8,13,14,15,16"
930,Tranexamic_acid,OC(=O)C1CCC(CC1)CN,34,-0.288065018,0,"5,8,13,14,16"
931,Tranylcypromine,NC1CC1c1ccccc1,50,0,0,"5,8,13,14,16"
932,Trapidil,n12ncnc1N=C(C=C2N(CC)CC)C,96,1.380211242,1,"5,8,13,14,16"
933,Trazodone,Clc1cc(N2CCN(CC2)CCCN2N=C3N(C=CC=C3)C2=O)ccc1,81,0.629731418,1,"5,8,10,12,13,14,15,16"
934,Treosulfan,S(OCC(O)C(O)COS(=O)(=O)C)(=O)(=O)C,97,1.50965048,1,"5,8,13,14,16"
935,TRH,O=C1NC(CC1)C(=O)NC(Cc1nc[nH]c1)C(=O)N1CCCC1C(=O)N,2,-1.69019608,0,"5,8,13,14,16"
936,Triamcinolone,FC12C(C3CC(O)C(O)(C(=O)CO)C3(CC1O)C)CCC1=CC(=O)C=CC12C,23,-0.524762889,0,"5,8,13,14,16"
937,Triamcinolone Acetonide,FC12C(C3CC4OC(OC4(C(=O)CO)C3(CC1O)C)(C)C)CCC1=CC(=O)C=CC12C,23,-0.524762889,0,"5,8,13,14,15,16"
938,Triamterene,n1c(N)c2nc(-c3ccccc3)c(nc2nc1N)N,51,0.017374096,1,"3,5,8,12,13,14,15,16"
939,Triazolam,Clc1ccccc1C1=NC=C2N(c3c1cc(Cl)cc3)C(=NN2)C,44,-0.104735351,0,"3,5,8,10,12,13,14,15,16"
940,Trichlormethiazide,Clc1cc2NC(NS(=O)(=O)c2cc1S(=O)(=O)N)C(Cl)Cl,60,0.176091259,1,"5,8,13,14,16"
941,Trientine,N(CCNCCN)CCN,92.5,1.091080469,1,"5,8,13,14,16"
942,Trihexyphenidyl,OC(CCN1CCCCC1)(C1CCCCC1)c1ccccc1,99,1.995635195,1,"5,8,13,14,16"
943,Trimazosin,O(C)c1c(OC)c2nc(nc(N)c2cc1OC)N1CCN(CC1)C(OCC(O)(C)C)=O,61,0.194265228,1,"5,8,13,14,15,16"
944,Trimethobenzamide,O(C)c1c(OC)cc(cc1OC)C(=O)NCc1ccc(OCCN(C)C)cc1,80,0.602059991,1,"5,8,13,14,16"
945,Trimethoprim,O(C)c1c(OC)cc(cc1OC)Cc1cnc(nc1N)N,98,1.69019608,1,"3,5,8,10,12,13,14,15,16"
946,Trimetrexate,O(C)c1c(OC)cc(NCc2cnc3nc(nc(N)c3c2C)N)cc1OC,45,-0.087150176,0,"5,8,13,14,16"
947,Trimipramine,N(CC(CN1c2c(CCc3c1cccc3)cccc2)C)(C)C,40,-0.176091259,0,"5,8,13,14,16"
948,Triprolidine,n1ccccc1C(=CCN1CCCC1)c1ccc(cc1)C,4,-1.380211242,0,"5,8,13,14,16"
949,Trofosfamide,ClCCN1P(OCCC1)(=O)N(CCCl)CCCl,99,1.995635195,1,"5,8,13,14,16"
950,Troglitazone,S1C(Cc2ccc(OCC3(Cc4c(OC3)c(C)c(C)c(O)c4C)C)cc2)C(=O)NC1=O,45,-0.087150176,0,"5,8,13,14,16"
951,Tropisetron,O(C(=O)c1c2c([nH]c1)cccc2)C1CC2N(C(C1)CC2)C,66,0.288065018,1,"5,8,13,14,15,16"
952,Trospium Chloride,C1CC[N+]2(C1)C3CCC2CC(C3)OC(=O)C(C4=CC=CC=C4)(C5=CC=CC=C5)O,10,-0.954242509,0,"5,8,13,14,16"
953,Trovafloxacin,Fc1cc(F)ccc1N1C=C(C(O)=O)C(=O)c2cc(F)c(nc12)N1CC2C(C1)C2N,91,1.004798883,1,"5,8,10,13,14,15,16"
954,Tulobuterol,Clc1ccccc1C(O)CNC(C)(C)C,48,-0.034762106,0,"5,8,13,14,16"
955,Urapidil,O(C)c1ccccc1N1CCN(CC1)CCCNC=1N(C)C(=O)N(C)C(=O)C=1,78,0.549671922,1,"5,8,10,13,14,16"
956,Uridine,OCC1OC(C(O)C1O)N2C=CC(=O)NC2=O,8,-1.06069784,0,"5,8,13,14,16"
957,Valdecoxib,S(=O)(=O)(N)c1ccc(cc1)-c1c(noc1C)-c1ccccc1,83,0.688629171,1,"5,8,13,14,16"
958,Valganciclovir,O=C1N=C(Nc2n(cnc12)COC(COC(=O)C(N)C(C)C)CO)N,61,0.194265228,1,"3,5,8,12,13,14,16"
959,Valproic Acid,OC(=O)C(CCC)CCC,99,1.995635195,1,"3,5,8,10,12,13,14,15,16"
960,Valrubicin,FC(F)(F)C(=O)NC1CC(OC(C)C1O)OC1CC(O)(Cc2c1c(O)c1c(C(=O)c3c(C1=O)c(OC)ccc3)c2O)C(=O)COC(=O)CCCC,0,-2,0,"5,8,13,14,16"
961,Valsartan,OC(=O)C(N(Cc1ccc(cc1)-c1ccccc1-c1[nH]nnn1)C(=O)CCCC)C(C)C,23,-0.524762889,0,"5,8,10,12,13,14,15,16"
962,Vancomycin,Clc1c2Oc3cc4C(NC(=O)C(NC(=O)C(NC(=O)C(NC)CC(C)C)C(O)c(c1)cc2)CC(=O)N)C(=O)NC1c2cc(-c5c(cc(O)cc5O)C(NC(=O)C(NC1=O)C(O)c1cc(Cl)c(Oc(c4)c3OC3OC(CO)C(O)C(O)C3OC3OC(C)C(O)C(N)(C3)C)cc1)C(O)=O)c(O)cc2,5,-1.278753601,0,"5,8,10,12,13,14,16"
963,Vardenafil,S(=O)(=O)(N1CCN(CC1)CC)c1cc(C2=NC(=O)c3n(N2)c(nc3C)CCC)c(OCC)cc1,15,-0.753327667,0,"5,8,10,12,13,14,16"
964,Varenicline ,n1c2c(ncc1)cc1C3CC(c1c2)CNC3,87,0.8255759,1,"12,16"
965,Vecuronium,O(C(=O)C)C1C2(C(CC1[N+]1(CCCCC1)C)C1C(CC2)C2(CC(N3CCCCC3)C(OC(=O)C)CC2CC1)C)C,0,-2,0,"5,8,13,14,16"
966,Venlafaxine,O(C)c1ccc(cc1)C(CN(C)C)C1(O)CCCCC1,45,-0.087150176,0,"5,8,10,12,13,14,15,16"
967,Verapamil,O(C)c1cc(ccc1OC)C(C(C)C)(CCCN(CCc1cc(OC)c(OC)cc1)C)C#N,22,-0.549671922,0,"5,8,10,12,13,14,15,16"
968,Vidarabine,O1C(CO)C(O)C(O)C1n1c2ncnc(N)c2nc1,0,-2,0,"5,8,13,14,16"
969,Vigabatrin,OC(=O)CCC(N)C=C,99,1.995635195,1,"5,8,13,14,16"
970,Vildagliptin,OC12CC3(NCC(=O)N4CCCC4C#N)CC(C1)CC(C3)C2,85,0.753327667,1,"5,8,13,14,16"
971,Viloxazine (R),O1CCNCC1COc1ccccc1OCC,85,0.753327667,1,"3,16"
972,Vinblastine,O(C(=O)C)C1C2(C3N(CCC34C(N(c3cc(OC)c(cc34)C3(CC4CC(O)(CN(C4)CCc4c3[nH]c3c4cccc3)CC)C(OC)=O)C)C1(O)C(OC)=O)CC=C2)CC,0,-2,0,"5,8,10,13,14,16"
973,Vincamine,OC1(n2c3C4N(CCCC4(C1)CC)CCc3c1c2cccc1)C(OC)=O,20,-0.602059991,0,"5,8,13,14,16"
974,Vinorelbine,O(C(=O)C)C1C2(C3N(CCC34C(N(c3cc(OC)c(cc34)C3(CC4C=C(CN(C4)Cc4c3[nH]c3c4cccc3)CC)C(OC)=O)C)C1(O)C(OC)=O)CC=C2)CC,27,-0.431959096,0,"5,8,13,14,15,16"
975,Vinpocetine,O(C(=O)C=1n2c3C4N(CCCC4(C=1)CC)CCc3c1c2cccc1)CC,6.6999998,-1.143806855,0,"5,8,13,14,16"
976,Vitamin C,O1C(C(O)CO)C(=O)C(O)=C1O,99,1.995635195,1,"5,8,13,14,16"
977,Voglibose,OC1C(O)C(O)(CC(NC(CO)CO)C1O)CO,6,-1.194976603,0,"5,8,13,14,16"
978,Voriconazole,Fc1cc(F)ccc1C(O)(C(C)c1ncncc1F)Cn1ncnc1,96,1.380211242,1,"5,8,12,13,14,16"
979,Vorinostat,O=C(Nc1ccccc1)CCCCCCC(=O)NO,43,-0.1224064,0,"5,8,13,14,16"
980,Warfarin,O1c2c(cccc2)C(O)=C(C(CC(=O)C)c2ccccc2)C1=O,93,1.123384909,1,"5,8,10,12,13,14,15,16"
981,Xamoterol,O1CCN(CC1)C(=O)NCCNCC(O)COc1ccc(O)cc1,7,-1.123384909,0,"5,8,10,13,14,16"
982,Ximelagatran,O(C(=O)CNC(C(=O)N1CCC1C(=O)NCc1ccc(cc1)C(NO)=N)C1CCCCC1)CC,21,-0.575407797,0,"5,8,13,14,16"
983,Xipamide,Clc1cc(O)c(cc1S(=O)(=O)N)C(=O)Nc1c(cccc1C)C,70,0.367976785,1,"5,8,13,14,16"
984,Yohimbine,OC1CCC2C(CC3N(C2)CCc2c3[nH]c3c2cccc3)C1C(OC)=O,33,-0.307560863,0,"5,8,13,14,15,16"
985,Zalcitabine,O1C(CCC1N1C=CC(=NC1=O)N)CO,88,0.865301426,1,"5,8,10,12,13,14,15,16"
986,Zaleplon,O=C(N(CC)c1cc(ccc1)C=1n2ncc(c2N=CC=1)C#N)C,31,-0.347487397,0,"3,5,8,10,12,13,14,15,16"
987,Zanamivir,O1C(C(O)C(O)CO)C(NC(=O)C)C(NC(N)=N)C=C1C(O)=O,2,-1.69019608,0,"5,8,10,13,14,16"
988,Zidovudine,CC1=CN(C(=O)NC1=O)C2CC(C(O2)CO)N=[N+]=[N-],63,0.231138825,1,"3,5,8,12,13,14,15,16"
989,Zimelidine,Brc1ccc(cc1)C(=CCN(C)C)c1cccnc1,29,-0.388860351,0,"5,8,13,14,15,16"
990,Ziprasidone,Clc1cc2NC(=O)Cc2cc1CCN1CCN(CC1)c1nsc2c1cccc2,60,0.176091259,1,"3,5,8,10,12,13,14,16"
991,Zolmitriptan,O1CC(NC1=O)Cc1cc2c([nH]cc2CCN(C)C)cc1,45,-0.087150176,0,"3,5,8,10,12,13,14,15,16"
992,Zolpidem,O=C(N(C)C)Cc1n2C=C(C=Cc2nc1-c1ccc(cc1)C)C,72,0.410174465,1,"3,5,8,10,12,13,14,15,16"
993,Zonisamide,S(=O)(=O)(N)Cc1noc2c1cccc2,99,1.995635195,1,"5,8,13,14,16"
994,Zotepine,Clc1cc2c(Sc3c(C=C2OCCN(C)C)cccc3)cc1,10,-0.954242509,0,"5,8,13,14,16"
995,Zuclopenthixol,Clc1cc2c(Sc3c(cccc3)C2=CCCN2CCN(CC2)CCO)cc1,49,-0.017374096,0,"5,8,13,14,16"
